Year,"Country of origin","Country of origin (ISO)","Country of asylum","Country of asylum (ISO)","Refugees under UNHCR's mandate",Asylum-seekers,"Other people in need of international protection","Others of concern"
2012,Afghanistan,AFG,-,-,2586132,62304,-,880468
2012,Albania,ALB,-,-,12569,3722,-,783
2012,Algeria,DZA,-,-,5657,2463,-,0
2012,Andorra,AND,-,-,6,0,-,0
2012,Angola,AGO,-,-,19253,1158,-,96398
2012,"Antigua and Barbuda",ATG,-,-,45,35,-,0
2012,Egypt,EGY,-,-,10014,4118,-,0
2012,Argentina,ARG,-,-,435,41,-,0
2012,Armenia,ARM,-,-,15937,2888,-,0
2012,Australia,AUS,-,-,47,5,-,0
2012,Austria,AUT,-,-,15,5,-,0
2012,Azerbaijan,AZE,-,-,15541,2187,-,0
2012,Bahrain,BHR,-,-,294,103,-,0
2012,Barbados,BRB,-,-,50,56,-,0
2012,Burundi,BDI,-,-,73354,12957,-,162555
2012,Belgium,BEL,-,-,91,13,-,0
2012,Benin,BEN,-,-,451,428,-,0
2012,Bermuda,BMU,-,-,0,5,-,0
2012,Bangladesh,BGD,-,-,10159,8162,-,0
2012,Bahamas,BHS,-,-,195,32,-,0
2012,Bhutan,BTN,-,-,41582,99,-,0
2012,"Burkina Faso",BFA,-,-,1458,504,-,0
2012,Belarus,BLR,-,-,6181,1013,-,0
2012,"Bolivia (Plurinational State of)",BOL,-,-,616,162,-,0
2012,Botswana,BWA,-,-,125,126,-,0
2012,Brazil,BRA,-,-,1073,242,-,0
2012,"Bosnia and Herzegovina",BIH,-,-,51815,2791,-,54792
2012,Bulgaria,BGR,-,-,2143,136,-,0
2012,Belize,BLZ,-,-,35,5,-,0
2012,Cambodia,KHM,-,-,14016,214,-,0
2012,Canada,CAN,-,-,121,5,-,0
2012,"Central African Rep.",CAF,-,-,164567,1899,-,0
2012,Chad,TCD,-,-,39674,3758,-,0
2012,China,CHN,-,-,193449,15362,-,0
2012,Chile,CHL,-,-,1145,63,-,0
2012,Cameroon,CMR,-,-,13360,3380,-,0
2012,Congo,COG,-,-,12113,2489,-,320
2012,"Dem. Rep. of the Congo",COD,-,-,509275,58670,-,0
2012,Comoros,COM,-,-,449,54,-,0
2012,Colombia,COL,-,-,394112,18635,-,0
2012,"Costa Rica",CRI,-,-,325,23,-,0
2012,Cuba,CUB,-,-,7722,823,-,0
2012,"Cabo Verde",CPV,-,-,22,10,-,0
2012,Cyprus,CYP,-,-,10,0,-,0
2012,Czechia,CZE,-,-,620,194,-,0
2012,Denmark,DNK,-,-,6,0,-,0
2012,Djibouti,DJI,-,-,626,299,-,0
2012,Dominica,DMA,-,-,52,12,-,0
2012,"Dominican Rep.",DOM,-,-,280,355,-,0
2012,Ecuador,ECU,-,-,848,519,-,0
2012,"Equatorial Guinea",GNQ,-,-,230,78,-,0
2012,Eritrea,ERI,-,-,285356,20544,-,64
2012,Estonia,EST,-,-,455,28,-,0
2012,Ethiopia,ETH,-,-,74964,41902,-,4760
2012,Fiji,FJI,-,-,1314,269,-,0
2012,Finland,FIN,-,-,5,6,-,0
2012,France,FRA,-,-,94,38,-,0
2012,Gabon,GAB,-,-,189,56,-,0
2012,Gambia,GMB,-,-,3063,1753,-,0
2012,Palestinian,PSE,-,-,94916,2423,-,0
2012,"United Kingdom of Great Britain and Northern Ireland",GBR,-,-,150,45,-,0
2012,Georgia,GEO,-,-,9266,4575,-,0
2012,Germany,DEU,-,-,174,21,-,0
2012,Ghana,GHA,-,-,24269,3469,-,0
2012,Guinea-Bissau,GNB,-,-,1173,898,-,0
2012,Greece,GRC,-,-,48,127,-,0
2012,Grenada,GRD,-,-,316,49,-,0
2012,Guatemala,GTM,-,-,6389,1325,-,0
2012,Guinea,GIN,-,-,14062,9504,-,0
2012,Guyana,GUY,-,-,800,73,-,0
2012,Haiti,HTI,-,-,38559,2628,-,5580
2012,"China, Hong Kong SAR",HKG,-,-,18,64,-,0
2012,Honduras,HND,-,-,2612,804,-,0
2012,Croatia,HRV,-,-,62606,1293,-,20615
2012,Hungary,HUN,-,-,1085,3731,-,0
2012,"Cote d'Ivoire",CIV,-,-,100709,11192,-,332
2012,India,IND,-,-,14245,6654,-,446
2012,Indonesia,IDN,-,-,15514,498,-,0
2012,Ireland,IRL,-,-,7,10,-,0
2012,"Iran (Islamic Rep. of)",IRN,-,-,75932,24043,-,0
2012,Iraq,IRQ,-,-,746204,24239,-,0
2012,Israel,ISR,-,-,1326,416,-,0
2012,Italy,ITA,-,-,65,54,-,0
2012,Jamaica,JAM,-,-,1404,497,-,0
2012,Jordan,JOR,-,-,2363,622,-,0
2012,Japan,JPN,-,-,173,37,-,0
2012,Kazakhstan,KAZ,-,-,3567,926,-,0
2012,Kenya,KEN,-,-,8946,1544,-,0
2012,Kyrgyzstan,KGZ,-,-,3490,1196,-,0
2012,Kiribati,KIR,-,-,34,10,-,0
2012,"Rep. of Korea",KOR,-,-,555,183,-,0
2012,"Dem. People's Rep. of Korea",PRK,-,-,1126,1023,-,0
2012,Kuwait,KWT,-,-,1189,135,-,0
2012,"Lao People's Dem. Rep.",LAO,-,-,7981,10,-,0
2012,Liberia,LBR,-,-,23428,2021,-,0
2012,Libya,LBY,-,-,5233,1894,-,0
2012,"Saint Lucia",LCA,-,-,567,517,-,0
2012,Lebanon,LBN,-,-,15100,1976,-,0
2012,Lesotho,LSO,-,-,5,279,-,0
2012,"Sri Lanka",LKA,-,-,132720,14018,-,0
2012,Lithuania,LTU,-,-,487,90,-,0
2012,Latvia,LVA,-,-,662,94,-,0
2012,Madagascar,MDG,-,-,299,27,-,0
2012,Mauritania,MRT,-,-,33747,3028,-,0
2012,"North Macedonia",MKD,-,-,7582,4644,-,43
2012,Monaco,MCO,-,-,5,0,-,0
2012,"Rep. of Moldova",MDA,-,-,6148,430,-,0
2012,Maldives,MDV,-,-,22,31,-,0
2012,Mexico,MEX,-,-,8438,3605,-,0
2012,Mali,MLI,-,-,149930,1849,-,0
2012,Malaysia,MYS,-,-,523,170,-,0
2012,Malawi,MWI,-,-,273,4543,-,0
2012,Montenegro,MNE,-,-,4052,371,-,5
2012,Mongolia,MNG,-,-,2111,941,-,0
2012,Morocco,MAR,-,-,2394,1759,-,0
2012,Mozambique,MOZ,-,-,155,865,-,0
2012,Malta,MLT,-,-,5,0,-,0
2012,Mauritius,MUS,-,-,57,114,-,0
2012,Myanmar,MMR,-,-,415363,25622,-,0
2012,Namibia,NAM,-,-,1097,571,-,0
2012,Nepal,NPL,-,-,7601,2511,-,0
2012,"Netherlands (Kingdom of the)",NLD,-,-,69,28,-,0
2012,Niger,NER,-,-,824,354,-,0
2012,Nicaragua,NIC,-,-,1526,121,-,0
2012,Nigeria,NGA,-,-,18017,14159,-,0
2012,Niue,NIU,-,-,10,0,-,0
2012,Norway,NOR,-,-,5,5,-,0
2012,"New Zealand",NZL,-,-,19,6,-,0
2012,Oman,OMN,-,-,62,0,-,0
2012,Pakistan,PAK,-,-,49778,23704,-,0
2012,Panama,PAN,-,-,107,31,-,0
2012,Paraguay,PRY,-,-,101,23,-,0
2012,Peru,PER,-,-,5207,336,-,0
2012,Philippines,PHL,-,-,979,377,-,80000
2012,"Papua New Guinea",PNG,-,-,172,83,-,0
2012,Poland,POL,-,-,1638,326,-,0
2012,Portugal,PRT,-,-,32,49,-,0
2012,Qatar,QAT,-,-,123,5,-,0
2012,Romania,ROU,-,-,2802,610,-,0
2012,"South Africa",ZAF,-,-,413,221,-,0
2012,"Russian Federation",RUS,-,-,110587,15254,-,10557
2012,Rwanda,RWA,-,-,97357,10283,-,89
2012,"El Salvador",SLV,-,-,8173,1646,-,0
2012,"Saudi Arabia",SAU,-,-,811,141,-,0
2012,Senegal,SEN,-,-,18717,2648,-,0
2012,Seychelles,SYC,-,-,30,0,-,0
2012,Singapore,SGP,-,-,64,25,-,0
2012,"Sierra Leone",SLE,-,-,6191,2306,-,1606
2012,"Solomon Islands",SLB,-,-,60,5,-,0
2012,Somalia,SOM,-,-,1136709,33680,-,38
2012,Spain,ESP,-,-,55,81,-,0
2012,"Serbia and Kosovo: S/RES/1244 (1999)",SRB,-,-,158903,16644,-,2576
2012,"Viet Nam",VNM,-,-,336936,1394,-,68
2012,"South Sudan",SSD,-,-,87007,18676,-,0
2012,Stateless,XXA,-,-,19668,3212,-,0
2012,"Saint Kitts and Nevis",KNA,-,-,10,20,-,0
2012,"Sao Tome and Principe",STP,-,-,31,0,-,0
2012,Sudan,SDN,-,-,568934,21521,-,0
2012,Suriname,SUR,-,-,14,18,-,0
2012,Slovakia,SVK,-,-,231,624,-,0
2012,Slovenia,SVN,-,-,32,12,-,0
2012,Eswatini,SWZ,-,-,59,166,-,0
2012,Sweden,SWE,-,-,21,41,-,0
2012,Switzerland,CHE,-,-,16,5,-,0
2012,"Syrian Arab Rep.",SYR,-,-,729011,26016,-,6900
2012,"United Rep. of Tanzania",TZA,-,-,1109,807,-,0
2012,"Turks and Caicos Islands",TCA,-,-,14,9,-,0
2012,Thailand,THA,-,-,378,172,-,0
2012,Tibetan,TIB,-,-,15000,0,-,0
2012,Tajikistan,TJK,-,-,669,445,-,0
2012,Turkmenistan,TKM,-,-,708,125,-,0
2012,Timor-Leste,TLS,-,-,8,6,-,0
2012,Togo,TGO,-,-,15683,3018,-,0
2012,Tonga,TON,-,-,11,39,-,0
2012,"Trinidad and Tobago",TTO,-,-,335,90,-,0
2012,Tunisia,TUN,-,-,1918,2279,-,0
2012,Türkiye,TUR,-,-,135353,8857,-,0
2012,Tuvalu,TUV,-,-,0,5,-,0
2012,"United Arab Emirates",ARE,-,-,580,13,-,0
2012,Uganda,UGA,-,-,5588,3076,-,0
2012,"Unknown ",UNK,-,-,132803,226457,-,583
2012,Ukraine,UKR,-,-,25248,1209,-,0
2012,Uruguay,URY,-,-,168,33,-,0
2012,"United States of America",USA,-,-,4454,417,-,0
2012,Uzbekistan,UZB,-,-,11593,1429,-,0
2012,"Saint Vincent and the Grenadines",VCT,-,-,1315,486,-,0
2012,"Venezuela (Bolivarian Republic of)",VEN,-,-,8204,496,-,0
2012,Samoa,WSM,-,-,0,11,-,0
2012,"Western Sahara",ESH,-,-,116451,128,-,0
2012,Yemen,YEM,-,-,2582,1581,-,0
2012,Zambia,ZMB,-,-,240,244,-,0
2012,Zimbabwe,ZWE,-,-,22082,41723,-,22
2013,Afghanistan,AFG,-,-,2556483,75284,-,275817
2013,Albania,ALB,-,-,10104,9771,-,1013
2013,Algeria,DZA,-,-,3643,4286,-,10
2013,Andorra,AND,-,-,5,0,-,0
2013,Angola,AGO,-,-,10274,1442,-,96786
2013,"Antigua and Barbuda",ATG,-,-,50,28,-,0
2013,Egypt,EGY,-,-,12804,9478,-,0
2013,Argentina,ARG,-,-,381,71,-,0
2013,Armenia,ARM,-,-,11995,5363,-,11
2013,Australia,AUS,-,-,27,5,-,0
2013,Austria,AUT,-,-,5,10,-,0
2013,Azerbaijan,AZE,-,-,10808,3613,-,0
2013,Bahrain,BHR,-,-,274,89,-,7
2013,Barbados,BRB,-,-,63,51,-,0
2013,Burundi,BDI,-,-,72636,14396,-,162256
2013,Belgium,BEL,-,-,76,31,-,0
2013,Benin,BEN,-,-,294,501,-,0
2013,Bangladesh,BGD,-,-,9720,22857,-,5
2013,Bahamas,BHS,-,-,208,27,-,0
2013,Bhutan,BTN,-,-,31556,157,-,0
2013,"Burkina Faso",BFA,-,-,1578,937,-,0
2013,Belarus,BLR,-,-,4387,870,-,0
2013,"Bolivia (Plurinational State of)",BOL,-,-,594,201,-,0
2013,Botswana,BWA,-,-,165,101,-,0
2013,Brazil,BRA,-,-,982,551,-,0
2013,"Bosnia and Herzegovina",BIH,-,-,26787,4140,-,55234
2013,Bulgaria,BGR,-,-,1875,177,-,0
2013,Belize,BLZ,-,-,37,53,-,0
2013,Cambodia,KHM,-,-,13738,231,-,0
2013,Canada,CAN,-,-,94,23,-,6
2013,"Central African Rep.",CAF,-,-,252854,7459,-,0
2013,"Cayman Islands",CYM,-,-,6,0,-,0
2013,Chad,TCD,-,-,48618,3844,-,0
2013,China,CHN,-,-,195121,24799,-,0
2013,Chile,CHL,-,-,588,66,-,0
2013,Cameroon,CMR,-,-,11410,4215,-,0
2013,Congo,COG,-,-,11744,3273,-,0
2013,"Dem. Rep. of the Congo",COD,-,-,499551,65353,-,87
2013,Comoros,COM,-,-,509,318,-,0
2013,Colombia,COL,-,-,396711,15638,-,0
2013,"Costa Rica",CRI,-,-,463,460,-,0
2013,Cuba,CUB,-,-,7453,1120,-,0
2013,"Curacao ",CUW,-,-,35,59,-,0
2013,"Cabo Verde",CPV,-,-,22,17,-,0
2013,Cyprus,CYP,-,-,10,0,-,0
2013,Czechia,CZE,-,-,984,111,-,0
2013,Denmark,DNK,-,-,6,5,-,0
2013,Djibouti,DJI,-,-,747,391,-,0
2013,Dominica,DMA,-,-,41,20,-,0
2013,"Dominican Rep.",DOM,-,-,298,840,-,0
2013,Ecuador,ECU,-,-,711,2340,-,0
2013,"Equatorial Guinea",GNQ,-,-,196,60,-,0
2013,Eritrea,ERI,-,-,308210,28924,-,69
2013,Estonia,EST,-,-,349,22,-,0
2013,Ethiopia,ETH,-,-,77109,49315,-,3241
2013,Fiji,FJI,-,-,1109,463,-,0
2013,Finland,FIN,-,-,5,5,-,0
2013,France,FRA,-,-,92,42,-,0
2013,Gabon,GAB,-,-,180,104,-,0
2013,Gambia,GMB,-,-,3382,3817,-,0
2013,Palestinian,PSE,-,-,96035,3336,-,3360
2013,"United Kingdom of Great Britain and Northern Ireland",GBR,-,-,140,66,-,0
2013,Georgia,GEO,-,-,6787,11558,-,0
2013,Germany,DEU,-,-,164,73,-,0
2013,Ghana,GHA,-,-,21048,4977,-,0
2013,Guinea-Bissau,GNB,-,-,1222,1193,-,0
2013,Greece,GRC,-,-,88,100,-,0
2013,Grenada,GRD,-,-,330,41,-,0
2013,Guatemala,GTM,-,-,6620,8435,-,0
2013,Guinea,GIN,-,-,14559,11604,-,0
2013,Guyana,GUY,-,-,800,136,-,0
2013,Haiti,HTI,-,-,38644,5156,-,12318
2013,"China, Hong Kong SAR",HKG,-,-,24,52,-,0
2013,Honduras,HND,-,-,3299,5292,-,0
2013,Croatia,HRV,-,-,49755,980,-,16891
2013,Hungary,HUN,-,-,1218,1956,-,5
2013,Iceland,ISL,-,-,0,5,-,0
2013,"Cote d'Ivoire",CIV,-,-,85650,10985,-,0
2013,India,IND,-,-,11032,12471,-,411
2013,Indonesia,IDN,-,-,14775,1117,-,0
2013,Ireland,IRL,-,-,7,32,-,0
2013,"Iran (Islamic Rep. of)",IRN,-,-,75061,28780,-,28
2013,Iraq,IRQ,-,-,401461,43145,-,17
2013,Israel,ISR,-,-,1026,289,-,0
2013,Italy,ITA,-,-,64,77,-,0
2013,Jamaica,JAM,-,-,1501,630,-,0
2013,Jordan,JOR,-,-,1622,927,-,74
2013,Japan,JPN,-,-,154,48,-,0
2013,Kazakhstan,KAZ,-,-,2114,1147,-,0
2013,Kenya,KEN,-,-,8580,2192,-,0
2013,Kyrgyzstan,KGZ,-,-,2299,1289,-,0
2013,Kiribati,KIR,-,-,21,0,-,0
2013,"Rep. of Korea",KOR,-,-,495,212,-,0
2013,"Dem. People's Rep. of Korea",PRK,-,-,1163,940,-,0
2013,Kuwait,KWT,-,-,971,173,-,0
2013,"Lao People's Dem. Rep.",LAO,-,-,7736,41,-,0
2013,Liberia,LBR,-,-,17548,1982,-,212
2013,Libya,LBY,-,-,3298,2068,-,5
2013,"Saint Lucia",LCA,-,-,711,257,-,0
2013,Lebanon,LBN,-,-,3809,2730,-,0
2013,Lesotho,LSO,-,-,10,676,-,0
2013,"Sri Lanka",LKA,-,-,123074,16133,-,7
2013,Lithuania,LTU,-,-,217,76,-,0
2013,Latvia,LVA,-,-,228,66,-,0
2013,"China, Macao SAR",MAC,-,-,0,5,-,0
2013,Madagascar,MDG,-,-,298,168,-,0
2013,Mauritania,MRT,-,-,34239,3843,-,0
2013,"North Macedonia",MKD,-,-,1622,6681,-,7
2013,Monaco,MCO,-,-,5,0,-,0
2013,"Rep. of Moldova",MDA,-,-,2210,877,-,0
2013,Maldives,MDV,-,-,30,24,-,0
2013,Mexico,MEX,-,-,9396,12267,-,0
2013,"Marshall Islands",MHL,-,-,5,5,-,0
2013,Mali,MLI,-,-,152812,6529,-,0
2013,Malaysia,MYS,-,-,478,266,-,0
2013,Malawi,MWI,-,-,323,4265,-,0
2013,Montenegro,MNE,-,-,542,577,-,10
2013,Mongolia,MNG,-,-,2054,1255,-,0
2013,Morocco,MAR,-,-,1290,2864,-,15
2013,Mozambique,MOZ,-,-,51,1427,-,0
2013,Malta,MLT,-,-,5,0,-,0
2013,Mauritius,MUS,-,-,72,120,-,0
2013,Myanmar,MMR,-,-,479594,44959,-,216
2013,Namibia,NAM,-,-,1138,276,-,0
2013,Nepal,NPL,-,-,8098,3783,-,0
2013,"Netherlands (Kingdom of the)",NLD,-,-,59,25,-,0
2013,Niger,NER,-,-,674,419,-,35166
2013,Nicaragua,NIC,-,-,1530,507,-,0
2013,Nigeria,NGA,-,-,31173,21332,-,0
2013,Niue,NIU,-,-,14,0,-,0
2013,Norway,NOR,-,-,15,5,-,0
2013,"New Zealand",NZL,-,-,15,6,-,0
2013,Oman,OMN,-,-,20,0,-,0
2013,Pakistan,PAK,-,-,48676,47543,-,0
2013,Panama,PAN,-,-,99,27,-,0
2013,Paraguay,PRY,-,-,91,28,-,0
2013,Peru,PER,-,-,4762,696,-,0
2013,Philippines,PHL,-,-,718,876,-,80030
2013,Palau,PLW,-,-,0,5,-,0
2013,"Papua New Guinea",PNG,-,-,219,146,-,0
2013,Poland,POL,-,-,1428,274,-,0
2013,Portugal,PRT,-,-,27,40,-,0
2013,Qatar,QAT,-,-,15,0,-,0
2013,Romania,ROU,-,-,2331,1151,-,0
2013,"South Africa",ZAF,-,-,424,352,-,0
2013,"Russian Federation",RUS,-,-,74310,25961,-,9593
2013,Rwanda,RWA,-,-,83943,8483,-,3992
2013,"El Salvador",SLV,-,-,9634,11260,-,0
2013,"Saudi Arabia",SAU,-,-,575,192,-,10
2013,Senegal,SEN,-,-,19815,4680,-,0
2013,Seychelles,SYC,-,-,24,0,-,0
2013,Singapore,SGP,-,-,61,30,-,0
2013,"Sierra Leone",SLE,-,-,5305,2394,-,1540
2013,"Solomon Islands",SLB,-,-,60,10,-,0
2013,Somalia,SOM,-,-,1121760,35665,-,1056
2013,Spain,ESP,-,-,56,68,-,0
2013,"Serbia and Kosovo: S/RES/1244 (1999)",SRB,-,-,48725,22625,-,4194
2013,"Viet Nam",VNM,-,-,314109,1999,-,68
2013,"South Sudan",SSD,-,-,114468,30675,-,0
2013,Stateless,XXA,-,-,20198,5638,-,0
2013,"Saint Kitts and Nevis",KNA,-,-,12,21,-,0
2013,"Sao Tome and Principe",STP,-,-,31,0,-,0
2013,Sudan,SDN,-,-,648936,28378,-,0
2013,Suriname,SUR,-,-,17,17,-,0
2013,Slovakia,SVK,-,-,321,399,-,0
2013,Slovenia,SVN,-,-,27,11,-,0
2013,Eswatini,SWZ,-,-,103,146,-,0
2013,Sweden,SWE,-,-,18,10,-,0
2013,Switzerland,CHE,-,-,11,0,-,0
2013,"Syrian Arab Rep.",SYR,-,-,2468323,41019,-,9400
2013,"United Rep. of Tanzania",TZA,-,-,1033,1017,-,0
2013,"Turks and Caicos Islands",TCA,-,-,15,5,-,0
2013,Thailand,THA,-,-,220,173,-,0
2013,Tibetan,TIB,-,-,15065,5,-,14
2013,Tajikistan,TJK,-,-,657,604,-,0
2013,Turkmenistan,TKM,-,-,502,317,-,0
2013,Timor-Leste,TLS,-,-,8,10,-,0
2013,Togo,TGO,-,-,10301,1508,-,0
2013,Tonga,TON,-,-,16,61,-,0
2013,"Trinidad and Tobago",TTO,-,-,336,127,-,0
2013,Tunisia,TUN,-,-,1359,1785,-,5
2013,Türkiye,TUR,-,-,66558,10552,-,10
2013,"United Arab Emirates",ARE,-,-,84,41,-,20
2013,Uganda,UGA,-,-,8166,3754,-,50000
2013,"Unknown ",UNK,-,-,107203,158920,-,12740
2013,Ukraine,UKR,-,-,5154,1631,-,6
2013,Uruguay,URY,-,-,144,22,-,0
2013,"United States of America",USA,-,-,4755,283,-,8
2013,Uzbekistan,UZB,-,-,4953,1776,-,0
2013,"Saint Vincent and the Grenadines",VCT,-,-,1535,223,-,0
2013,"Venezuela (Bolivarian Republic of)",VEN,-,-,8396,1154,-,0
2013,Samoa,WSM,-,-,0,7,-,0
2013,"Western Sahara",ESH,-,-,116500,404,-,0
2013,Yemen,YEM,-,-,2413,1868,-,6
2013,Zambia,ZMB,-,-,230,294,-,0
2013,Zimbabwe,ZWE,-,-,19719,41822,-,97
2014,Afghanistan,AFG,-,-,2596259,85407,-,201361
2014,Albania,ALB,-,-,10156,15098,-,0
2014,Algeria,DZA,-,-,3509,5127,-,12
2014,Andorra,AND,-,-,5,0,-,0
2014,Angola,AGO,-,-,9468,1718,-,64201
2014,"Antigua and Barbuda",ATG,-,-,53,15,-,0
2014,Egypt,EGY,-,-,15899,10816,-,42
2014,Argentina,ARG,-,-,311,102,-,0
2014,Armenia,ARM,-,-,11839,6287,-,13
2014,Australia,AUS,-,-,27,0,-,0
2014,Austria,AUT,-,-,5,0,-,0
2014,Azerbaijan,AZE,-,-,10508,4391,-,0
2014,Bahrain,BHR,-,-,344,98,-,7
2014,Barbados,BRB,-,-,82,17,-,0
2014,Burundi,BDI,-,-,72477,19357,-,162903
2014,Belgium,BEL,-,-,76,21,-,0
2014,Benin,BEN,-,-,330,684,-,0
2014,Bangladesh,BGD,-,-,10868,21604,-,14
2014,Bahamas,BHS,-,-,216,40,-,0
2014,Bhutan,BTN,-,-,23633,190,-,0
2014,"Burkina Faso",BFA,-,-,1853,1566,-,0
2014,Belarus,BLR,-,-,4296,931,-,0
2014,"Bolivia (Plurinational State of)",BOL,-,-,594,262,-,0
2014,Botswana,BWA,-,-,234,69,-,0
2014,Brazil,BRA,-,-,977,1190,-,0
2014,"Bosnia and Herzegovina",BIH,-,-,21883,6566,-,52437
2014,Bulgaria,BGR,-,-,1644,187,-,0
2014,Belize,BLZ,-,-,42,83,-,0
2014,Cambodia,KHM,-,-,13066,257,-,0
2014,Canada,CAN,-,-,89,55,-,6
2014,"Central African Rep.",CAF,-,-,412028,14361,-,15043
2014,"Cayman Islands",CYM,-,-,6,0,-,0
2014,Chad,TCD,-,-,48236,3296,-,35000
2014,China,CHN,-,-,210793,47335,-,0
2014,Chile,CHL,-,-,571,98,-,0
2014,Cameroon,CMR,-,-,10739,5013,-,0
2014,Congo,COG,-,-,14498,3410,-,101
2014,"Dem. Rep. of the Congo",COD,-,-,516765,67339,-,112309
2014,Comoros,COM,-,-,580,348,-,0
2014,Colombia,COL,-,-,360291,4713,-,0
2014,"Costa Rica",CRI,-,-,414,125,-,0
2014,Cuba,CUB,-,-,7497,1815,-,120
2014,"Curacao ",CUW,-,-,35,0,-,0
2014,"Cabo Verde",CPV,-,-,27,46,-,0
2014,Cyprus,CYP,-,-,10,0,-,0
2014,Czechia,CZE,-,-,1321,97,-,0
2014,Denmark,DNK,-,-,11,10,-,0
2014,Djibouti,DJI,-,-,870,414,-,5
2014,Dominica,DMA,-,-,35,13,-,0
2014,"Dominican Rep.",DOM,-,-,348,1139,-,0
2014,Ecuador,ECU,-,-,807,6966,-,0
2014,"Equatorial Guinea",GNQ,-,-,168,81,-,0
2014,Eritrea,ERI,-,-,363081,53650,-,116
2014,Estonia,EST,-,-,340,31,-,0
2014,Ethiopia,ETH,-,-,86857,61368,-,407
2014,Fiji,FJI,-,-,927,769,-,0
2014,Finland,FIN,-,-,5,0,-,0
2014,France,FRA,-,-,84,40,-,0
2014,Gabon,GAB,-,-,179,116,-,0
2014,Gambia,GMB,-,-,5122,10476,-,0
2014,Palestinian,PSE,-,-,97207,3636,-,3166
2014,"United Kingdom of Great Britain and Northern Ireland",GBR,-,-,137,77,-,0
2014,Georgia,GEO,-,-,6687,7803,-,0
2014,Germany,DEU,-,-,170,77,-,0
2014,Ghana,GHA,-,-,22116,7619,-,0
2014,Guadeloupe,GLP,-,-,0,12,-,0
2014,Guinea-Bissau,GNB,-,-,1306,1759,-,0
2014,Greece,GRC,-,-,108,59,-,0
2014,Grenada,GRD,-,-,324,52,-,0
2014,Guatemala,GTM,-,-,7487,15800,-,0
2014,Guinea,GIN,-,-,15247,17813,-,0
2014,Guyana,GUY,-,-,700,148,-,0
2014,Haiti,HTI,-,-,37147,6721,-,29238
2014,"China, Hong Kong SAR",HKG,-,-,25,38,-,0
2014,Honduras,HND,-,-,4157,10136,-,0
2014,Croatia,HRV,-,-,40121,111,-,15794
2014,Hungary,HUN,-,-,1264,337,-,5
2014,Iceland,ISL,-,-,0,5,-,0
2014,"Cote d'Ivoire",CIV,-,-,71956,13404,-,41
2014,India,IND,-,-,10431,16698,-,381
2014,Indonesia,IDN,-,-,14393,1765,-,0
2014,Ireland,IRL,-,-,7,82,-,0
2014,"Iran (Islamic Rep. of)",IRN,-,-,82202,34884,-,25
2014,Iraq,IRQ,-,-,369960,103724,-,3307
2014,Israel,ISR,-,-,967,282,-,0
2014,Italy,ITA,-,-,63,110,-,0
2014,Jamaica,JAM,-,-,1682,597,-,0
2014,Jordan,JOR,-,-,1711,1293,-,102
2014,Japan,JPN,-,-,257,61,-,0
2014,Kazakhstan,KAZ,-,-,2219,1147,-,0
2014,Kenya,KEN,-,-,8546,2925,-,0
2014,Kyrgyzstan,KGZ,-,-,2449,1834,-,0
2014,Kiribati,KIR,-,-,5,0,-,0
2014,"Rep. of Korea",KOR,-,-,478,282,-,0
2014,"Dem. People's Rep. of Korea",PRK,-,-,1275,233,-,0
2014,Kuwait,KWT,-,-,974,260,-,0
2014,"Lao People's Dem. Rep.",LAO,-,-,7476,113,-,0
2014,Liberia,LBR,-,-,13561,2319,-,8
2014,Libya,LBY,-,-,4187,3886,-,5
2014,"Saint Lucia",LCA,-,-,921,35,-,0
2014,Lebanon,LBN,-,-,4262,3833,-,0
2014,Lesotho,LSO,-,-,16,665,-,0
2014,"Sri Lanka",LKA,-,-,121991,17211,-,15
2014,Lithuania,LTU,-,-,182,57,-,0
2014,Latvia,LVA,-,-,206,57,-,0
2014,"China, Macao SAR",MAC,-,-,5,11,-,0
2014,Madagascar,MDG,-,-,279,200,-,5
2014,Mauritania,MRT,-,-,34103,6997,-,5
2014,"North Macedonia",MKD,-,-,1752,7788,-,0
2014,Monaco,MCO,-,-,5,6,-,0
2014,"Rep. of Moldova",MDA,-,-,2230,1440,-,0
2014,Maldives,MDV,-,-,32,5,-,0
2014,Mexico,MEX,-,-,10672,29351,-,0
2014,"Marshall Islands",MHL,-,-,5,6,-,0
2014,Mali,MLI,-,-,139249,12230,-,0
2014,Malaysia,MYS,-,-,458,948,-,0
2014,Malawi,MWI,-,-,356,3891,-,0
2014,Montenegro,MNE,-,-,601,1273,-,0
2014,Mongolia,MNG,-,-,2162,2204,-,0
2014,Morocco,MAR,-,-,1523,3221,-,13
2014,Mozambique,MOZ,-,-,55,1408,-,0
2014,Mauritius,MUS,-,-,91,151,-,0
2014,Myanmar,MMR,-,-,479006,51339,-,400
2014,Namibia,NAM,-,-,1250,45,-,0
2014,Nepal,NPL,-,-,8542,6644,-,0
2014,"Netherlands (Kingdom of the)",NLD,-,-,63,40,-,0
2014,Niger,NER,-,-,728,535,-,0
2014,Nicaragua,NIC,-,-,1580,718,-,0
2014,Nigeria,NGA,-,-,90936,30075,-,70013
2014,Niue,NIU,-,-,18,28,-,0
2014,Norway,NOR,-,-,15,0,-,0
2014,"New Zealand",NZL,-,-,14,13,-,0
2014,Oman,OMN,-,-,25,9,-,0
2014,Pakistan,PAK,-,-,335947,44419,-,0
2014,Panama,PAN,-,-,83,28,-,0
2014,Paraguay,PRY,-,-,87,34,-,0
2014,Peru,PER,-,-,4333,1029,-,0
2014,Philippines,PHL,-,-,660,1117,-,80053
2014,"Papua New Guinea",PNG,-,-,285,213,-,0
2014,Poland,POL,-,-,1306,263,-,0
2014,Portugal,PRT,-,-,30,34,-,0
2014,Qatar,QAT,-,-,23,5,-,0
2014,Romania,ROU,-,-,1917,1011,-,5
2014,"South Africa",ZAF,-,-,422,531,-,0
2014,"Russian Federation",RUS,-,-,70552,24189,-,311
2014,Rwanda,RWA,-,-,79396,10000,-,4864
2014,"El Salvador",SLV,-,-,10968,18035,-,0
2014,"Saudi Arabia",SAU,-,-,616,380,-,12
2014,Senegal,SEN,-,-,23110,8717,-,0
2014,Seychelles,SYC,-,-,23,12,-,0
2014,Singapore,SGP,-,-,55,31,-,0
2014,"Sierra Leone",SLE,-,-,4988,3151,-,1479
2014,"Solomon Islands",SLB,-,-,70,20,-,0
2014,Somalia,SOM,-,-,1106430,49063,-,801
2014,Spain,ESP,-,-,60,68,-,0
2014,"Serbia and Kosovo: S/RES/1244 (1999)",SRB,-,-,45730,45573,-,0
2014,"Viet Nam",VNM,-,-,313420,3132,-,68
2014,"South Sudan",SSD,-,-,616206,3766,-,0
2014,Stateless,XXA,-,-,27907,10532,-,0
2014,"Saint Kitts and Nevis",KNA,-,-,20,7,-,0
2014,"Sao Tome and Principe",STP,-,-,24,5,-,0
2014,Sudan,SDN,-,-,665956,36027,-,5
2014,Suriname,SUR,-,-,17,46,-,0
2014,Slovakia,SVK,-,-,316,327,-,0
2014,Slovenia,SVN,-,-,25,5,-,0
2014,Eswatini,SWZ,-,-,151,140,-,5
2014,Sweden,SWE,-,-,18,10,-,0
2014,Switzerland,CHE,-,-,16,0,-,0
2014,"Syrian Arab Rep.",SYR,-,-,3887490,79649,-,1992
2014,"United Rep. of Tanzania",TZA,-,-,843,1056,-,0
2014,"Turks and Caicos Islands",TCA,-,-,15,0,-,0
2014,Thailand,THA,-,-,223,410,-,0
2014,Tibetan,TIB,-,-,15066,10,-,5
2014,Tajikistan,TJK,-,-,722,838,-,0
2014,Turkmenistan,TKM,-,-,470,743,-,0
2014,Timor-Leste,TLS,-,-,13,7,-,0
2014,Togo,TGO,-,-,9271,1691,-,0
2014,Tonga,TON,-,-,19,82,-,0
2014,"Trinidad and Tobago",TTO,-,-,371,173,-,0
2014,Tunisia,TUN,-,-,1476,1782,-,11
2014,Türkiye,TUR,-,-,63882,11189,-,11
2014,"United Arab Emirates",ARE,-,-,84,68,-,0
2014,Uganda,UGA,-,-,7177,4748,-,180000
2014,"Unknown ",UNK,-,-,101138,455851,-,16348
2014,Ukraine,UKR,-,-,237617,15085,-,5
2014,Uruguay,URY,-,-,119,42,-,0
2014,"United States of America",USA,-,-,4980,164,-,17
2014,Uzbekistan,UZB,-,-,4790,1975,-,5
2014,"Saint Vincent and the Grenadines",VCT,-,-,1736,45,-,0
2014,"Venezuela (Bolivarian Republic of)",VEN,-,-,8009,4822,-,0
2014,Samoa,WSM,-,-,0,7,-,0
2014,"Western Sahara",ESH,-,-,116478,1176,-,0
2014,Yemen,YEM,-,-,2623,2716,-,13
2014,Zambia,ZMB,-,-,309,293,-,0
2014,Zimbabwe,ZWE,-,-,22478,42419,-,116
2015,Afghanistan,AFG,-,-,2666294,258862,-,150369
2015,Albania,ALB,-,-,10404,42155,-,0
2015,Algeria,DZA,-,-,3470,7622,-,12
2015,Andorra,AND,-,-,5,5,-,0
2015,Angola,AGO,-,-,11855,3251,-,34965
2015,"Antigua and Barbuda",ATG,-,-,56,12,-,0
2015,Egypt,EGY,-,-,17929,12142,-,78
2015,Argentina,ARG,-,-,186,160,-,0
2015,Armenia,ARM,-,-,11211,8491,-,14
2015,Australia,AUS,-,-,21,0,-,0
2015,Austria,AUT,-,-,0,5,-,0
2015,Azerbaijan,AZE,-,-,9707,5212,-,0
2015,Bahrain,BHR,-,-,422,81,-,0
2015,Barbados,BRB,-,-,95,24,-,0
2015,Burundi,BDI,-,-,292750,26856,-,164020
2015,Belgium,BEL,-,-,66,37,-,0
2015,Benin,BEN,-,-,400,1141,-,6
2015,Bangladesh,BGD,-,-,12154,30544,-,16
2015,Bahamas,BHS,-,-,216,80,-,0
2015,Bhutan,BTN,-,-,17709,223,-,0
2015,"Burkina Faso",BFA,-,-,2147,2691,-,0
2015,Belarus,BLR,-,-,4117,1472,-,0
2015,"Bolivia (Plurinational State of)",BOL,-,-,566,342,-,0
2015,Botswana,BWA,-,-,306,73,-,0
2015,Brazil,BRA,-,-,893,2151,-,0
2015,"Brunei Darussalam",BRN,-,-,0,5,-,0
2015,"Bosnia and Herzegovina",BIH,-,-,18763,7015,-,52437
2015,Bulgaria,BGR,-,-,1264,207,-,0
2015,Belize,BLZ,-,-,48,96,-,57
2015,Cambodia,KHM,-,-,12802,372,-,0
2015,Canada,CAN,-,-,73,334,-,6
2015,"Central African Rep.",CAF,-,-,471093,10634,-,20792
2015,"Cayman Islands",CYM,-,-,6,0,-,0
2015,Chad,TCD,-,-,14921,3267,-,30000
2015,China,CHN,-,-,212911,57693,-,0
2015,Chile,CHL,-,-,554,149,-,0
2015,Cameroon,CMR,-,-,10565,7357,-,5
2015,Congo,COG,-,-,14772,4071,-,88
2015,"Dem. Rep. of the Congo",COD,-,-,541487,76029,-,9923
2015,Comoros,COM,-,-,550,226,-,0
2015,Colombia,COL,-,-,340116,6879,-,0
2015,"Costa Rica",CRI,-,-,374,213,-,0
2015,Cuba,CUB,-,-,6827,2353,-,75
2015,"Curacao ",CUW,-,-,35,0,-,0
2015,"Cabo Verde",CPV,-,-,27,95,-,0
2015,Cyprus,CYP,-,-,0,5,-,0
2015,Czechia,CZE,-,-,1280,119,-,0
2015,Denmark,DNK,-,-,11,15,-,0
2015,Djibouti,DJI,-,-,1059,542,-,0
2015,Dominica,DMA,-,-,35,89,-,0
2015,"Dominican Rep.",DOM,-,-,382,1709,-,0
2015,Ecuador,ECU,-,-,1006,10415,-,0
2015,"Equatorial Guinea",GNQ,-,-,142,85,-,0
2015,Eritrea,ERI,-,-,407428,62088,-,235
2015,Estonia,EST,-,-,315,39,-,0
2015,Ethiopia,ETH,-,-,85839,76680,-,221
2015,Fiji,FJI,-,-,887,429,-,0
2015,Finland,FIN,-,-,10,0,-,0
2015,France,FRA,-,-,90,77,-,0
2015,"Micronesia (Federated States of)",FSM,-,-,0,6,-,0
2015,Gabon,GAB,-,-,174,224,-,0
2015,Gambia,GMB,-,-,8473,12820,-,0
2015,Palestinian,PSE,-,-,98013,4315,-,2420
2015,"United Kingdom of Great Britain and Northern Ireland",GBR,-,-,128,109,-,0
2015,Georgia,GEO,-,-,6505,9245,-,0
2015,Germany,DEU,-,-,153,86,-,0
2015,Ghana,GHA,-,-,22962,10705,-,0
2015,Guadeloupe,GLP,-,-,0,23,-,0
2015,Guinea-Bissau,GNB,-,-,1472,1921,-,0
2015,Greece,GRC,-,-,111,65,-,0
2015,Grenada,GRD,-,-,270,51,-,0
2015,Guatemala,GTM,-,-,10284,26951,-,3500
2015,Guinea,GIN,-,-,16995,17832,-,0
2015,Guyana,GUY,-,-,508,223,-,0
2015,Haiti,HTI,-,-,34762,9263,-,6264
2015,"China, Hong Kong SAR",HKG,-,-,33,80,-,0
2015,Honduras,HND,-,-,6847,19456,-,5100
2015,Croatia,HRV,-,-,33452,89,-,14070
2015,Hungary,HUN,-,-,1447,703,-,5
2015,Iceland,ISL,-,-,0,5,-,0
2015,"Cote d'Ivoire",CIV,-,-,71107,13752,-,44
2015,India,IND,-,-,9882,24874,-,378
2015,Indonesia,IDN,-,-,13947,2637,-,0
2015,Ireland,IRL,-,-,5,36,-,0
2015,"Iran (Islamic Rep. of)",IRN,-,-,84950,57081,-,8
2015,Iraq,IRQ,-,-,264086,237168,-,3598
2015,Israel,ISR,-,-,787,379,-,0
2015,Italy,ITA,-,-,69,139,-,0
2015,Jamaica,JAM,-,-,1857,839,-,0
2015,Jordan,JOR,-,-,1836,1829,-,92
2015,Japan,JPN,-,-,140,68,-,0
2015,Kazakhstan,KAZ,-,-,2263,1565,-,0
2015,Kenya,KEN,-,-,7902,3258,-,12
2015,Kyrgyzstan,KGZ,-,-,2498,2263,-,0
2015,Kiribati,KIR,-,-,0,5,-,0
2015,"Rep. of Korea",KOR,-,-,346,252,-,0
2015,"Dem. People's Rep. of Korea",PRK,-,-,1094,223,-,0
2015,Kuwait,KWT,-,-,1076,431,-,0
2015,"Lao People's Dem. Rep.",LAO,-,-,7359,165,-,0
2015,Liberia,LBR,-,-,9972,2414,-,8
2015,Libya,LBY,-,-,6077,6042,-,5
2015,"Saint Lucia",LCA,-,-,1011,60,-,0
2015,Lebanon,LBN,-,-,4353,5985,-,0
2015,Lesotho,LSO,-,-,16,1091,-,0
2015,"Sri Lanka",LKA,-,-,121427,14782,-,17
2015,Lithuania,LTU,-,-,143,64,-,0
2015,Latvia,LVA,-,-,187,77,-,0
2015,"China, Macao SAR",MAC,-,-,5,25,-,0
2015,Madagascar,MDG,-,-,285,166,-,5
2015,Mauritania,MRT,-,-,34656,7474,-,5
2015,"North Macedonia",MKD,-,-,1769,14609,-,0
2015,Monaco,MCO,-,-,5,0,-,0
2015,"Rep. of Moldova",MDA,-,-,2289,3437,-,0
2015,Maldives,MDV,-,-,39,28,-,0
2015,Mexico,MEX,-,-,11340,46250,-,0
2015,"Marshall Islands",MHL,-,-,5,6,-,0
2015,Mali,MLI,-,-,154202,9874,-,31
2015,Malaysia,MYS,-,-,435,2823,-,0
2015,Malawi,MWI,-,-,429,5672,-,0
2015,Montenegro,MNE,-,-,646,3015,-,0
2015,Mongolia,MNG,-,-,2198,3529,-,0
2015,Morocco,MAR,-,-,1760,5575,-,11
2015,Mozambique,MOZ,-,-,55,2193,-,0
2015,Malta,MLT,-,-,0,5,-,0
2015,Mauritius,MUS,-,-,101,202,-,0
2015,Myanmar,MMR,-,-,451804,60632,-,443
2015,Namibia,NAM,-,-,1272,60,-,36
2015,Nepal,NPL,-,-,9051,8961,-,0
2015,"Netherlands (Kingdom of the)",NLD,-,-,64,55,-,0
2015,Niger,NER,-,-,1383,763,-,70000
2015,Nicaragua,NIC,-,-,1469,1237,-,0
2015,Nigeria,NGA,-,-,167973,51353,-,19
2015,Niue,NIU,-,-,18,18,-,0
2015,Norway,NOR,-,-,10,5,-,0
2015,"New Zealand",NZL,-,-,16,7,-,0
2015,Oman,OMN,-,-,36,16,-,0
2015,Pakistan,PAK,-,-,297886,63955,-,0
2015,Panama,PAN,-,-,62,59,-,0
2015,Paraguay,PRY,-,-,88,67,-,0
2015,Peru,PER,-,-,3591,1530,-,0
2015,Philippines,PHL,-,-,582,1886,-,80057
2015,"Papua New Guinea",PNG,-,-,335,198,-,0
2015,Poland,POL,-,-,1298,399,-,0
2015,Portugal,PRT,-,-,28,64,-,0
2015,Qatar,QAT,-,-,21,12,-,0
2015,Romania,ROU,-,-,1731,1377,-,0
2015,"South Africa",ZAF,-,-,447,844,-,5
2015,"Russian Federation",RUS,-,-,67008,27508,-,5
2015,Rwanda,RWA,-,-,286357,10948,-,5801
2015,"El Salvador",SLV,-,-,14778,31450,-,10100
2015,"Saudi Arabia",SAU,-,-,686,561,-,10
2015,Senegal,SEN,-,-,21267,14301,-,0
2015,Seychelles,SYC,-,-,19,20,-,0
2015,Singapore,SGP,-,-,50,45,-,0
2015,"Sierra Leone",SLE,-,-,4900,3486,-,1479
2015,"Solomon Islands",SLB,-,-,71,37,-,0
2015,Somalia,SOM,-,-,1123144,56664,-,828
2015,Spain,ESP,-,-,60,85,-,0
2015,"Serbia and Kosovo: S/RES/1244 (1999)",SRB,-,-,38620,53292,-,0
2015,"Viet Nam",VNM,-,-,313152,4373,-,265
2015,"South Sudan",SSD,-,-,778722,4104,-,30
2015,Stateless,XXA,-,-,37415,18601,-,0
2015,"Saint Kitts and Nevis",KNA,-,-,25,20,-,0
2015,"Sao Tome and Principe",STP,-,-,24,10,-,0
2015,Sudan,SDN,-,-,627080,42909,-,20
2015,Suriname,SUR,-,-,19,49,-,0
2015,Slovakia,SVK,-,-,325,541,-,0
2015,Slovenia,SVN,-,-,21,10,-,0
2015,Eswatini,SWZ,-,-,213,159,-,0
2015,Sweden,SWE,-,-,18,15,-,0
2015,Switzerland,CHE,-,-,16,0,-,0
2015,"Syrian Arab Rep.",SYR,-,-,4873236,245857,-,8247
2015,"United Rep. of Tanzania",TZA,-,-,810,1577,-,15
2015,"Turks and Caicos Islands",TCA,-,-,14,0,-,0
2015,Thailand,THA,-,-,209,833,-,0
2015,Tibetan,TIB,-,-,15069,10,-,6
2015,Tajikistan,TJK,-,-,790,1451,-,0
2015,Turkmenistan,TKM,-,-,446,1205,-,0
2015,Timor-Leste,TLS,-,-,19,5,-,0
2015,Togo,TGO,-,-,8774,2128,-,0
2015,Tonga,TON,-,-,22,62,-,0
2015,"Trinidad and Tobago",TTO,-,-,369,195,-,5
2015,Tunisia,TUN,-,-,1554,2329,-,7
2015,Türkiye,TUR,-,-,59545,12073,-,12
2015,"United Arab Emirates",ARE,-,-,91,103,-,0
2015,Uganda,UGA,-,-,6311,6426,-,180000
2015,"Unknown ",UNK,-,-,120122,1047315,-,14244
2015,Ukraine,UKR,-,-,321399,22350,-,5
2015,Uruguay,URY,-,-,84,62,-,0
2015,"United States of America",USA,-,-,4824,245,-,10
2015,Uzbekistan,UZB,-,-,4197,2659,-,0
2015,"Saint Vincent and the Grenadines",VCT,-,-,1823,43,-,0
2015,"Venezuela (Bolivarian Republic of)",VEN,-,-,7455,15087,-,0
2015,Samoa,WSM,-,-,0,9,-,0
2015,"Western Sahara",ESH,-,-,116542,1438,-,0
2015,Yemen,YEM,-,-,15901,10056,-,12
2015,Zambia,ZMB,-,-,334,427,-,0
2015,Zimbabwe,ZWE,-,-,21332,57376,-,135
2016,Afghanistan,AFG,-,-,2501447,369072,-,114221
2016,Albania,ALB,-,-,11060,23760,-,0
2016,Algeria,DZA,-,-,3705,7177,-,7
2016,Andorra,AND,-,-,0,5,-,0
2016,Angola,AGO,-,-,8388,4767,-,19957
2016,"Antigua and Barbuda",ATG,-,-,82,30,-,0
2016,Egypt,EGY,-,-,19792,13026,-,111
2016,Argentina,ARG,-,-,120,219,-,0
2016,Armenia,ARM,-,-,10707,13092,-,12
2016,Australia,AUS,-,-,15,10,-,0
2016,Austria,AUT,-,-,0,5,-,0
2016,Azerbaijan,AZE,-,-,10118,8098,-,0
2016,Bahrain,BHR,-,-,461,118,-,0
2016,Barbados,BRB,-,-,144,44,-,0
2016,Burundi,BDI,-,-,408066,24395,-,164066
2016,Belgium,BEL,-,-,44,20,-,0
2016,Benin,BEN,-,-,479,1145,-,6
2016,Bangladesh,BGD,-,-,13842,25929,-,15
2016,Bahamas,BHS,-,-,298,119,-,0
2016,Bhutan,BTN,-,-,11757,277,-,0
2016,"Burkina Faso",BFA,-,-,2352,4195,-,0
2016,Belarus,BLR,-,-,3831,1985,-,0
2016,"Bolivia (Plurinational State of)",BOL,-,-,530,411,-,0
2016,Botswana,BWA,-,-,265,127,-,0
2016,Brazil,BRA,-,-,803,3760,-,0
2016,"Brunei Darussalam",BRN,-,-,0,5,-,0
2016,"Bosnia and Herzegovina",BIH,-,-,18194,3108,-,52437
2016,Bulgaria,BGR,-,-,799,258,-,0
2016,Belize,BLZ,-,-,58,160,-,0
2016,Cambodia,KHM,-,-,12428,380,-,0
2016,Canada,CAN,-,-,76,54,-,0
2016,"Central African Rep.",CAF,-,-,490879,10603,-,21010
2016,"Cayman Islands",CYM,-,-,6,0,-,0
2016,Chad,TCD,-,-,14176,3178,-,16718
2016,China,CHN,-,-,207768,72165,-,0
2016,Chile,CHL,-,-,495,200,-,0
2016,Cameroon,CMR,-,-,10344,10943,-,27
2016,Congo,COG,-,-,13291,4346,-,99
2016,"Dem. Rep. of the Congo",COD,-,-,537474,82709,-,9473
2016,Comoros,COM,-,-,572,226,-,0
2016,Colombia,COL,-,-,311059,12581,-,0
2016,"Costa Rica",CRI,-,-,202,312,-,0
2016,Cuba,CUB,-,-,5940,5025,-,0
2016,"Curacao ",CUW,-,-,35,0,-,0
2016,"Cabo Verde",CPV,-,-,10,98,-,0
2016,Cyprus,CYP,-,-,0,5,-,0
2016,Czechia,CZE,-,-,1266,233,-,0
2016,Denmark,DNK,-,-,0,5,-,0
2016,Djibouti,DJI,-,-,1437,831,-,0
2016,Dominica,DMA,-,-,20,126,-,0
2016,"Dominican Rep.",DOM,-,-,359,2354,-,0
2016,Ecuador,ECU,-,-,1041,13682,-,0
2016,"Equatorial Guinea",GNQ,-,-,131,100,-,0
2016,Eritrea,ERI,-,-,457247,67694,-,73
2016,Estonia,EST,-,-,303,42,-,0
2016,Ethiopia,ETH,-,-,83958,78854,-,690
2016,Fiji,FJI,-,-,791,510,-,0
2016,Finland,FIN,-,-,5,5,-,0
2016,France,FRA,-,-,50,116,-,0
2016,Gabon,GAB,-,-,167,431,-,0
2016,Gambia,GMB,-,-,11589,18888,-,0
2016,Palestinian,PSE,-,-,97794,5980,-,2199
2016,"United Kingdom of Great Britain and Northern Ireland",GBR,-,-,78,100,-,0
2016,Georgia,GEO,-,-,6405,14147,-,0
2016,Germany,DEU,-,-,67,128,-,0
2016,Ghana,GHA,-,-,15527,11846,-,0
2016,Guinea-Bissau,GNB,-,-,1650,1866,-,0
2016,Greece,GRC,-,-,101,76,-,0
2016,Grenada,GRD,-,-,100,63,-,0
2016,Guatemala,GTM,-,-,12549,46222,-,0
2016,Guinea,GIN,-,-,17536,24389,-,0
2016,Guyana,GUY,-,-,269,296,-,0
2016,Haiti,HTI,-,-,29671,22454,-,22930
2016,"China, Hong Kong SAR",HKG,-,-,15,112,-,0
2016,Honduras,HND,-,-,10509,35198,-,4800
2016,Croatia,HRV,-,-,26231,343,-,14518
2016,Hungary,HUN,-,-,2909,1661,-,5
2016,Iceland,ISL,-,-,0,5,-,0
2016,"Cote d'Ivoire",CIV,-,-,46811,18628,-,17
2016,India,IND,-,-,7288,27939,-,264
2016,Indonesia,IDN,-,-,13056,3581,-,0
2016,Ireland,IRL,-,-,0,42,-,0
2016,"Iran (Islamic Rep. of)",IRN,-,-,94102,87535,-,273
2016,Iraq,IRQ,-,-,316056,278367,-,15778
2016,Israel,ISR,-,-,487,548,-,0
2016,Italy,ITA,-,-,49,132,-,0
2016,Jamaica,JAM,-,-,1998,1134,-,0
2016,Jordan,JOR,-,-,1919,2433,-,131
2016,Japan,JPN,-,-,53,83,-,0
2016,Kazakhstan,KAZ,-,-,2366,2225,-,0
2016,Kenya,KEN,-,-,7526,3556,-,20
2016,Kyrgyzstan,KGZ,-,-,2571,2368,-,0
2016,"Rep. of Korea",KOR,-,-,243,266,-,0
2016,"Dem. People's Rep. of Korea",PRK,-,-,1419,526,-,0
2016,Kuwait,KWT,-,-,1013,650,-,0
2016,"Lao People's Dem. Rep.",LAO,-,-,7229,167,-,0
2016,Liberia,LBR,-,-,6558,2601,-,109
2016,Libya,LBY,-,-,8831,6521,-,10
2016,"Saint Lucia",LCA,-,-,993,196,-,0
2016,Lebanon,LBN,-,-,4719,8484,-,0
2016,Lesotho,LSO,-,-,5,698,-,0
2016,"Sri Lanka",LKA,-,-,117472,15462,-,12
2016,Lithuania,LTU,-,-,74,78,-,0
2016,Latvia,LVA,-,-,165,96,-,0
2016,"China, Macao SAR",MAC,-,-,5,0,-,0
2016,Madagascar,MDG,-,-,292,53,-,5
2016,Mauritania,MRT,-,-,36263,7386,-,5
2016,"North Macedonia",MKD,-,-,1730,7054,-,0
2016,Monaco,MCO,-,-,5,0,-,0
2016,"Rep. of Moldova",MDA,-,-,2316,4354,-,0
2016,Maldives,MDV,-,-,58,35,-,0
2016,Mexico,MEX,-,-,10387,64256,-,0
2016,"Marshall Islands",MHL,-,-,5,0,-,0
2016,Mali,MLI,-,-,156415,9702,-,23
2016,Malaysia,MYS,-,-,453,6163,-,0
2016,Malawi,MWI,-,-,427,3752,-,0
2016,Montenegro,MNE,-,-,713,1132,-,0
2016,Mongolia,MNG,-,-,2282,3831,-,0
2016,Morocco,MAR,-,-,2240,7251,-,9
2016,Mozambique,MOZ,-,-,48,5702,-,0
2016,Mauritius,MUS,-,-,106,203,-,0
2016,Myanmar,MMR,-,-,490285,56023,-,261
2016,Namibia,NAM,-,-,1363,130,-,41
2016,Nepal,NPL,-,-,8364,11531,-,585
2016,"Netherlands (Kingdom of the)",NLD,-,-,32,42,-,0
2016,Niger,NER,-,-,1230,838,-,14678
2016,Nicaragua,NIC,-,-,1409,2125,-,0
2016,Nigeria,NGA,-,-,229290,66862,-,16
2016,Niue,NIU,-,-,19,0,-,0
2016,Norway,NOR,-,-,10,15,-,0
2016,"New Zealand",NZL,-,-,25,18,-,0
2016,Oman,OMN,-,-,35,24,-,0
2016,Pakistan,PAK,-,-,105419,67700,-,0
2016,Panama,PAN,-,-,33,81,-,0
2016,Paraguay,PRY,-,-,68,117,-,0
2016,Peru,PER,-,-,2599,2290,-,0
2016,Philippines,PHL,-,-,426,3119,-,80053
2016,"Papua New Guinea",PNG,-,-,401,261,-,0
2016,Poland,POL,-,-,1159,565,-,0
2016,Portugal,PRT,-,-,20,81,-,0
2016,Qatar,QAT,-,-,25,23,-,0
2016,Romania,ROU,-,-,1195,2520,-,0
2016,"South Africa",ZAF,-,-,452,1075,-,7
2016,"Russian Federation",RUS,-,-,62759,35366,-,0
2016,Rwanda,RWA,-,-,286063,11690,-,6005
2016,"El Salvador",SLV,-,-,19617,62163,-,9800
2016,"Saudi Arabia",SAU,-,-,937,987,-,9
2016,Senegal,SEN,-,-,23054,16301,-,0
2016,Seychelles,SYC,-,-,10,5,-,0
2016,Singapore,SGP,-,-,38,47,-,0
2016,"Sierra Leone",SLE,-,-,4678,4674,-,1479
2016,"Solomon Islands",SLB,-,-,71,79,-,0
2016,Somalia,SOM,-,-,1012320,60491,-,290
2016,Spain,ESP,-,-,34,120,-,0
2016,"Serbia and Kosovo: S/RES/1244 (1999)",SRB,-,-,36928,21699,-,0
2016,"Viet Nam",VNM,-,-,329341,4538,-,68
2016,"South Sudan",SSD,-,-,1436707,5792,-,0
2016,Stateless,XXA,-,-,48687,10745,-,0
2016,"Saint Kitts and Nevis",KNA,-,-,49,22,-,0
2016,"Sao Tome and Principe",STP,-,-,31,8,-,0
2016,Sudan,SDN,-,-,650391,50469,-,125
2016,Suriname,SUR,-,-,16,25,-,0
2016,Slovakia,SVK,-,-,792,580,-,0
2016,Slovenia,SVN,-,-,20,12,-,0
2016,Eswatini,SWZ,-,-,224,137,-,0
2016,Sweden,SWE,-,-,13,17,-,0
2016,Switzerland,CHE,-,-,5,10,-,0
2016,"Syrian Arab Rep.",SYR,-,-,5524511,184337,-,8516
2016,"United Rep. of Tanzania",TZA,-,-,579,1215,-,10
2016,"Turks and Caicos Islands",TCA,-,-,14,5,-,0
2016,Thailand,THA,-,-,147,950,-,0
2016,Tibetan,TIB,-,-,13536,10,-,0
2016,Tajikistan,TJK,-,-,932,3198,-,0
2016,Turkmenistan,TKM,-,-,371,1069,-,0
2016,Timor-Leste,TLS,-,-,19,0,-,0
2016,Togo,TGO,-,-,8296,2645,-,0
2016,Tonga,TON,-,-,25,77,-,0
2016,"Trinidad and Tobago",TTO,-,-,295,241,-,6
2016,Tunisia,TUN,-,-,1687,2062,-,7
2016,Türkiye,TUR,-,-,57915,23236,-,45
2016,"United Arab Emirates",ARE,-,-,103,160,-,0
2016,Uganda,UGA,-,-,6229,5328,-,180000
2016,"Unknown ",UNK,-,-,138787,216805,-,40875
2016,Ukraine,UKR,-,-,239062,34638,-,5
2016,Uruguay,URY,-,-,23,103,-,0
2016,"United States of America",USA,-,-,302,286,-,7
2016,Uzbekistan,UZB,-,-,3824,3087,-,0
2016,"Saint Vincent and the Grenadines",VCT,-,-,1335,131,-,0
2016,"Venezuela (Bolivarian Republic of)",VEN,-,-,7543,45074,-,0
2016,Samoa,WSM,-,-,0,10,-,0
2016,"Western Sahara",ESH,-,-,116648,1993,-,0
2016,Yemen,YEM,-,-,18427,15870,-,5
2016,Zambia,ZMB,-,-,256,294,-,0
2016,Zimbabwe,ZWE,-,-,18141,43191,-,161
2017,Afghanistan,AFG,-,-,2624265,333986,-,448040
2017,Albania,ALB,-,-,12168,18761,-,0
2017,Algeria,DZA,-,-,4021,6432,-,7
2017,Andorra,AND,-,-,0,5,-,0
2017,Angola,AGO,-,-,8292,7819,-,17729
2017,"Antigua and Barbuda",ATG,-,-,99,63,-,0
2017,Egypt,EGY,-,-,22106,14588,-,41
2017,Argentina,ARG,-,-,121,352,-,0
2017,Armenia,ARM,-,-,10786,14907,-,8
2017,Australia,AUS,-,-,10,10,-,0
2017,Austria,AUT,-,-,10,26,-,0
2017,Azerbaijan,AZE,-,-,10893,9541,-,0
2017,Bahrain,BHR,-,-,497,172,-,0
2017,Barbados,BRB,-,-,172,76,-,0
2017,Burundi,BDI,-,-,439320,60433,-,164205
2017,Belgium,BEL,-,-,52,37,-,0
2017,Benin,BEN,-,-,572,1131,-,6
2017,Bangladesh,BGD,-,-,16780,68118,-,15
2017,Bahamas,BHS,-,-,378,235,-,0
2017,Bhutan,BTN,-,-,7954,400,-,0
2017,"Burkina Faso",BFA,-,-,2694,5557,-,0
2017,Belarus,BLR,-,-,3650,2862,-,0
2017,"Bolivia (Plurinational State of)",BOL,-,-,520,865,-,0
2017,Botswana,BWA,-,-,279,95,-,0
2017,Brazil,BRA,-,-,851,6786,-,0
2017,"Brunei Darussalam",BRN,-,-,0,9,-,0
2017,"Bosnia and Herzegovina",BIH,-,-,17690,1886,-,48907
2017,Bulgaria,BGR,-,-,716,316,-,0
2017,Belize,BLZ,-,-,64,206,-,0
2017,Cambodia,KHM,-,-,12238,1578,-,0
2017,Canada,CAN,-,-,75,78,-,0
2017,"Central African Rep.",CAF,-,-,545513,12997,-,21432
2017,"Cayman Islands",CYM,-,-,6,0,-,0
2017,Chad,TCD,-,-,16325,3105,-,37317
2017,China,CHN,-,-,207716,89508,-,0
2017,Chile,CHL,-,-,493,350,-,0
2017,Cameroon,CMR,-,-,11032,24607,-,24
2017,Congo,COG,-,-,13295,13068,-,90
2017,"Dem. Rep. of the Congo",COD,-,-,620805,136152,-,10555
2017,Comoros,COM,-,-,600,322,-,0
2017,Colombia,COL,-,-,191635,32478,-,0
2017,"Costa Rica",CRI,-,-,195,486,-,0
2017,Cuba,CUB,-,-,5331,13258,-,0
2017,"Curacao ",CUW,-,-,35,0,-,0
2017,"Cabo Verde",CPV,-,-,5,181,-,0
2017,Cyprus,CYP,-,-,0,20,-,0
2017,Czechia,CZE,-,-,1272,307,-,0
2017,Denmark,DNK,-,-,0,21,-,0
2017,Djibouti,DJI,-,-,1761,1286,-,0
2017,Dominica,DMA,-,-,26,63,-,0
2017,"Dominican Rep.",DOM,-,-,427,3159,-,0
2017,Ecuador,ECU,-,-,1251,17341,-,0
2017,"Equatorial Guinea",GNQ,-,-,127,110,-,0
2017,Eritrea,ERI,-,-,486209,78308,-,145
2017,Estonia,EST,-,-,288,42,-,0
2017,Ethiopia,ETH,-,-,87448,133659,-,4258
2017,"French Guiana",GUF,-,-,0,11,-,0
2017,Fiji,FJI,-,-,734,678,-,0
2017,Finland,FIN,-,-,5,10,-,0
2017,France,FRA,-,-,54,140,-,0
2017,Gabon,GAB,-,-,216,696,-,0
2017,Gambia,GMB,-,-,14564,22214,-,0
2017,Palestinian,PSE,-,-,99630,8859,-,1661
2017,"United Kingdom of Great Britain and Northern Ireland",GBR,-,-,85,158,-,0
2017,Georgia,GEO,-,-,6535,16466,-,0
2017,Germany,DEU,-,-,66,179,-,0
2017,Ghana,GHA,-,-,16959,17504,-,0
2017,Guadeloupe,GLP,-,-,0,37,-,0
2017,Guinea-Bissau,GNB,-,-,1870,3502,-,0
2017,Greece,GRC,-,-,106,95,-,0
2017,Grenada,GRD,-,-,103,62,-,0
2017,Guatemala,GTM,-,-,16284,72726,-,0
2017,Guinea,GIN,-,-,20333,34518,-,0
2017,Guyana,GUY,-,-,260,482,-,0
2017,Haiti,HTI,-,-,28424,37018,-,43871
2017,"China, Hong Kong SAR",HKG,-,-,11,104,-,0
2017,Honduras,HND,-,-,14424,59782,-,3200
2017,Croatia,HRV,-,-,24869,268,-,8019
2017,Hungary,HUN,-,-,3336,1656,-,5
2017,Iceland,ISL,-,-,5,0,-,0
2017,"Cote d'Ivoire",CIV,-,-,40009,26535,-,20
2017,India,IND,-,-,7926,40356,-,235
2017,Indonesia,IDN,-,-,12485,5384,-,0
2017,Ireland,IRL,-,-,0,52,-,0
2017,"Iran (Islamic Rep. of)",IRN,-,-,118639,75079,-,2729
2017,Iraq,IRQ,-,-,362536,272627,-,11227
2017,Israel,ISR,-,-,469,691,-,0
2017,Italy,ITA,-,-,52,282,-,0
2017,Jamaica,JAM,-,-,2224,1430,-,0
2017,Jordan,JOR,-,-,2119,3467,-,60
2017,Japan,JPN,-,-,44,99,-,0
2017,Kazakhstan,KAZ,-,-,2406,3514,-,0
2017,Kenya,KEN,-,-,7567,5714,-,12
2017,Kyrgyzstan,KGZ,-,-,2771,2570,-,0
2017,"Rep. of Korea",KOR,-,-,239,381,-,0
2017,"Dem. People's Rep. of Korea",PRK,-,-,1176,587,-,0
2017,Kuwait,KWT,-,-,1097,951,-,5
2017,"Lao People's Dem. Rep.",LAO,-,-,7056,223,-,0
2017,Liberia,LBR,-,-,6039,3362,-,145
2017,Libya,LBY,-,-,11205,6842,-,5
2017,"Saint Lucia",LCA,-,-,995,178,-,0
2017,Lebanon,LBN,-,-,5301,9285,-,0
2017,Lesotho,LSO,-,-,6,20,-,0
2017,"Sri Lanka",LKA,-,-,115632,18934,-,6
2017,Lithuania,LTU,-,-,73,95,-,0
2017,Latvia,LVA,-,-,162,105,-,0
2017,"China, Macao SAR",MAC,-,-,0,10,-,0
2017,Madagascar,MDG,-,-,292,73,-,5
2017,Mauritania,MRT,-,-,36525,7543,-,5
2017,"North Macedonia",MKD,-,-,1653,4038,-,0
2017,Monaco,MCO,-,-,5,0,-,0
2017,"Rep. of Moldova",MDA,-,-,2339,3418,-,0
2017,Maldives,MDV,-,-,64,34,-,0
2017,Mexico,MEX,-,-,11679,85078,-,0
2017,"Marshall Islands",MHL,-,-,7,0,-,0
2017,Mali,MLI,-,-,150305,15086,-,366
2017,Malaysia,MYS,-,-,540,9478,-,0
2017,Malawi,MWI,-,-,434,3154,-,0
2017,Montenegro,MNE,-,-,704,770,-,0
2017,Mongolia,MNG,-,-,2227,4169,-,5
2017,Morocco,MAR,-,-,3089,6853,-,15
2017,Mozambique,MOZ,-,-,48,12581,-,0
2017,Malta,MLT,-,-,0,5,-,0
2017,Mauritius,MUS,-,-,130,229,-,0
2017,Myanmar,MMR,-,-,1156742,41088,-,109
2017,Namibia,NAM,-,-,1368,211,-,5
2017,Nepal,NPL,-,-,8415,13186,-,382
2017,"Netherlands (Kingdom of the)",NLD,-,-,39,64,-,0
2017,Niger,NER,-,-,1363,2399,-,14820
2017,Nicaragua,NIC,-,-,1467,2722,-,0
2017,Nigeria,NGA,-,-,238977,91924,-,24
2017,Niue,NIU,-,-,19,5,-,0
2017,Norway,NOR,-,-,15,25,-,0
2017,"New Zealand",NZL,-,-,34,27,-,0
2017,Oman,OMN,-,-,39,22,-,0
2017,Pakistan,PAK,-,-,128914,76885,-,0
2017,Panama,PAN,-,-,36,126,-,0
2017,Paraguay,PRY,-,-,77,175,-,0
2017,Peru,PER,-,-,2588,3497,-,0
2017,Philippines,PHL,-,-,445,8081,-,80049
2017,Palau,PLW,-,-,0,5,-,0
2017,"Papua New Guinea",PNG,-,-,406,372,-,0
2017,Poland,POL,-,-,1123,784,-,0
2017,Portugal,PRT,-,-,16,171,-,0
2017,Qatar,QAT,-,-,31,39,-,0
2017,Romania,ROU,-,-,1210,3256,-,0
2017,"South Africa",ZAF,-,-,461,1608,-,5
2017,"Russian Federation",RUS,-,-,61584,38663,-,0
2017,Rwanda,RWA,-,-,258986,12801,-,6677
2017,"El Salvador",SLV,-,-,25876,104901,-,4200
2017,"Saudi Arabia",SAU,-,-,1219,1247,-,9
2017,Senegal,SEN,-,-,26584,25181,-,0
2017,Seychelles,SYC,-,-,10,5,-,0
2017,Singapore,SGP,-,-,48,55,-,0
2017,"Sierra Leone",SLE,-,-,4496,6236,-,374
2017,"Solomon Islands",SLB,-,-,57,106,-,0
2017,Somalia,SOM,-,-,986386,58320,-,230
2017,Spain,ESP,-,-,39,197,-,0
2017,"Serbia and Kosovo: S/RES/1244 (1999)",SRB,-,-,33246,12807,-,0
2017,"Viet Nam",VNM,-,-,334064,7115,-,68
2017,"South Sudan",SSD,-,-,2439888,6452,-,10000
2017,Stateless,XXA,-,-,53352,8890,-,0
2017,"Saint Kitts and Nevis",KNA,-,-,51,18,-,0
2017,"Sao Tome and Principe",STP,-,-,31,23,-,0
2017,Sudan,SDN,-,-,694556,52191,-,19
2017,Suriname,SUR,-,-,17,44,-,0
2017,Slovakia,SVK,-,-,913,699,-,0
2017,Slovenia,SVN,-,-,17,14,-,0
2017,Eswatini,SWZ,-,-,231,40,-,0
2017,Sweden,SWE,-,-,14,18,-,0
2017,Switzerland,CHE,-,-,5,10,-,0
2017,"Syrian Arab Rep.",SYR,-,-,6310498,147179,-,8596
2017,"United Rep. of Tanzania",TZA,-,-,655,1455,-,15
2017,"Turks and Caicos Islands",TCA,-,-,14,5,-,0
2017,Thailand,THA,-,-,164,1333,-,0
2017,Tibetan,TIB,-,-,13531,12,-,8
2017,Tajikistan,TJK,-,-,1369,3617,-,0
2017,Turkmenistan,TKM,-,-,365,1115,-,0
2017,Timor-Leste,TLS,-,-,13,5,-,0
2017,Togo,TGO,-,-,8115,3762,-,0
2017,Tonga,TON,-,-,34,106,-,0
2017,"Trinidad and Tobago",TTO,-,-,310,303,-,15
2017,Tunisia,TUN,-,-,1826,2330,-,7
2017,Türkiye,TUR,-,-,61383,33801,-,10
2017,"United Arab Emirates",ARE,-,-,137,207,-,0
2017,Uganda,UGA,-,-,6409,10156,-,180000
2017,"Unknown ",UNK,-,-,202190,34577,-,120348
2017,Ukraine,UKR,-,-,139581,37670,-,5
2017,Uruguay,URY,-,-,12,174,-,0
2017,"United States of America",USA,-,-,310,2196,-,6
2017,Uzbekistan,UZB,-,-,3405,3541,-,0
2017,Vanuatu,VUT,-,-,0,14,-,0
2017,"Saint Vincent and the Grenadines",VCT,-,-,1311,136,-,0
2017,"Venezuela (Bolivarian Republic of)",VEN,-,-,9272,148096,-,345585
2017,Samoa,WSM,-,-,0,11,-,0
2017,"Western Sahara",ESH,-,-,116762,1843,-,0
2017,Yemen,YEM,-,-,23555,24629,-,10
2017,Zambia,ZMB,-,-,260,164,-,5
2017,Zimbabwe,ZWE,-,-,17420,21760,-,169
2018,Afghanistan,AFG,-,-,2681267,310107,-,489859
2018,Albania,ALB,-,-,13512,21071,-,0
2018,Algeria,DZA,-,-,4181,7447,-,11
2018,Angola,AGO,-,-,8243,8904,-,18020
2018,"Antigua and Barbuda",ATG,-,-,107,47,-,0
2018,Egypt,EGY,-,-,24850,16760,-,47
2018,Argentina,ARG,-,-,112,489,-,0
2018,Armenia,ARM,-,-,11040,13697,-,5
2018,Australia,AUS,-,-,10,17,-,0
2018,Austria,AUT,-,-,24,10,-,0
2018,Azerbaijan,AZE,-,-,11246,9318,-,0
2018,Bahrain,BHR,-,-,540,136,-,0
2018,Barbados,BRB,-,-,211,81,-,0
2018,Burundi,BDI,-,-,387850,53360,-,14148
2018,Belgium,BEL,-,-,50,79,-,0
2018,Benin,BEN,-,-,659,1078,-,6
2018,Bangladesh,BGD,-,-,21022,58843,-,8
2018,Bahamas,BHS,-,-,421,391,-,0
2018,Bhutan,BTN,-,-,7100,390,-,0
2018,"Burkina Faso",BFA,-,-,11447,4949,-,0
2018,Belarus,BLR,-,-,3526,3282,-,0
2018,"Bolivia (Plurinational State of)",BOL,-,-,502,1004,-,0
2018,Botswana,BWA,-,-,289,89,-,0
2018,Brazil,BRA,-,-,1038,8570,-,0
2018,"Bosnia and Herzegovina",BIH,-,-,16956,1619,-,48907
2018,Bulgaria,BGR,-,-,620,367,-,0
2018,Belize,BLZ,-,-,68,219,-,0
2018,Cambodia,KHM,-,-,12139,749,-,0
2018,Canada,CAN,-,-,81,79,-,0
2018,"Central African Rep.",CAF,-,-,590858,17278,-,21697
2018,"Cayman Islands",CYM,-,-,6,0,-,0
2018,Chad,TCD,-,-,10895,4401,-,16724
2018,China,CHN,-,-,212039,94351,-,0
2018,Chile,CHL,-,-,479,514,-,0
2018,Cameroon,CMR,-,-,45118,18638,-,11
2018,Congo,COG,-,-,13354,11762,-,92
2018,"Dem. Rep. of the Congo",COD,-,-,720302,133422,-,10862
2018,Comoros,COM,-,-,624,500,-,0
2018,Colombia,COL,-,-,138583,45674,-,0
2018,"Costa Rica",CRI,-,-,207,548,-,0
2018,Cuba,CUB,-,-,5488,26597,-,0
2018,"Curacao ",CUW,-,-,35,0,-,0
2018,"Cabo Verde",CPV,-,-,10,206,-,0
2018,Cyprus,CYP,-,-,7,20,-,0
2018,Czechia,CZE,-,-,1236,224,-,0
2018,Denmark,DNK,-,-,0,35,-,0
2018,Djibouti,DJI,-,-,2124,1100,-,0
2018,Dominica,DMA,-,-,36,56,-,0
2018,"Dominican Rep.",DOM,-,-,472,3406,-,0
2018,Ecuador,ECU,-,-,1424,17727,-,0
2018,"Equatorial Guinea",GNQ,-,-,140,176,-,0
2018,Eritrea,ERI,-,-,507260,78584,-,86
2018,Estonia,EST,-,-,281,37,-,0
2018,Ethiopia,ETH,-,-,92232,133254,-,4228
2018,"French Guiana",GUF,-,-,0,23,-,0
2018,Fiji,FJI,-,-,675,1297,-,0
2018,Finland,FIN,-,-,5,5,-,0
2018,France,FRA,-,-,59,219,-,0
2018,Gabon,GAB,-,-,342,739,-,0
2018,Gambia,GMB,-,-,17237,14016,-,0
2018,Palestinian,PSE,-,-,100728,13461,-,1459
2018,"United Kingdom of Great Britain and Northern Ireland",GBR,-,-,84,184,-,0
2018,Georgia,GEO,-,-,6983,21006,-,0
2018,Germany,DEU,-,-,61,176,-,0
2018,Ghana,GHA,-,-,18071,12542,-,0
2018,Guadeloupe,GLP,-,-,0,11,-,0
2018,Guinea-Bissau,GNB,-,-,2043,2850,-,0
2018,Greece,GRC,-,-,107,128,-,0
2018,Grenada,GRD,-,-,96,59,-,0
2018,Guatemala,GTM,-,-,19128,86875,-,24
2018,Guinea,GIN,-,-,23493,33045,-,0
2018,Guyana,GUY,-,-,283,551,-,0
2018,Haiti,HTI,-,-,27517,40973,-,0
2018,"China, Hong Kong SAR",HKG,-,-,11,22,-,0
2018,Honduras,HND,-,-,18857,76526,-,46419
2018,Croatia,HRV,-,-,24105,79,-,4376
2018,Hungary,HUN,-,-,3927,804,-,0
2018,Iceland,ISL,-,-,5,5,-,0
2018,"Cote d'Ivoire",CIV,-,-,38316,22855,-,16
2018,India,IND,-,-,9586,51802,-,214
2018,Indonesia,IDN,-,-,12148,3395,-,0
2018,Ireland,IRL,-,-,0,59,-,0
2018,"Iran (Islamic Rep. of)",IRN,-,-,129941,87367,-,87
2018,Iraq,IRQ,-,-,372332,256716,-,7901
2018,Israel,ISR,-,-,492,683,-,0
2018,Italy,ITA,-,-,69,381,-,0
2018,Jamaica,JAM,-,-,2448,1495,-,0
2018,Jordan,JOR,-,-,2430,4119,-,1431
2018,Japan,JPN,-,-,42,114,-,0
2018,Kazakhstan,KAZ,-,-,2520,5833,-,0
2018,Kenya,KEN,-,-,7480,7287,-,0
2018,Kyrgyzstan,KGZ,-,-,2934,2721,-,0
2018,"Rep. of Korea",KOR,-,-,274,536,-,0
2018,"Dem. People's Rep. of Korea",PRK,-,-,797,146,-,0
2018,Kuwait,KWT,-,-,1251,1220,-,0
2018,"Lao People's Dem. Rep.",LAO,-,-,6943,294,-,0
2018,Liberia,LBR,-,-,5508,2986,-,88
2018,Libya,LBY,-,-,13868,6786,-,8
2018,"Saint Lucia",LCA,-,-,1025,65,-,0
2018,Lebanon,LBN,-,-,5620,8058,-,14
2018,Lesotho,LSO,-,-,6,38,-,0
2018,"Sri Lanka",LKA,-,-,113955,14517,-,0
2018,Lithuania,LTU,-,-,66,89,-,0
2018,Luxembourg,LUX,-,-,0,5,-,0
2018,Latvia,LVA,-,-,152,103,-,0
2018,"China, Macao SAR",MAC,-,-,0,25,-,0
2018,Madagascar,MDG,-,-,298,111,-,0
2018,Mauritania,MRT,-,-,37050,8121,-,0
2018,"North Macedonia",MKD,-,-,1721,3228,-,0
2018,Monaco,MCO,-,-,5,0,-,0
2018,"Rep. of Moldova",MDA,-,-,2397,4537,-,0
2018,Maldives,MDV,-,-,74,35,-,0
2018,Mexico,MEX,-,-,12870,89794,-,0
2018,"Marshall Islands",MHL,-,-,7,0,-,0
2018,Mali,MLI,-,-,158267,10891,-,0
2018,Malaysia,MYS,-,-,817,15037,-,0
2018,Malawi,MWI,-,-,472,2800,-,0
2018,Montenegro,MNE,-,-,715,633,-,0
2018,Mongolia,MNG,-,-,2249,4389,-,5
2018,Morocco,MAR,-,-,3873,8163,-,20
2018,Mozambique,MOZ,-,-,57,8977,-,0
2018,Malta,MLT,-,-,5,10,-,0
2018,Mauritius,MUS,-,-,156,294,-,0
2018,Myanmar,MMR,-,-,1145149,30459,-,98
2018,Namibia,NAM,-,-,1331,332,-,0
2018,Nepal,NPL,-,-,8590,9074,-,328
2018,"Netherlands (Kingdom of the)",NLD,-,-,41,91,-,0
2018,Niger,NER,-,-,2715,2053,-,25731
2018,Nicaragua,NIC,-,-,1671,32265,-,0
2018,Nigeria,NGA,-,-,276834,84624,-,1424
2018,Niue,NIU,-,-,19,5,-,0
2018,Norway,NOR,-,-,5,11,-,0
2018,"New Zealand",NZL,-,-,34,14,-,0
2018,Oman,OMN,-,-,42,28,-,0
2018,Pakistan,PAK,-,-,132248,75337,-,0
2018,Panama,PAN,-,-,44,141,-,0
2018,Paraguay,PRY,-,-,73,278,-,0
2018,Peru,PER,-,-,2579,4895,-,0
2018,Philippines,PHL,-,-,522,3804,-,80038
2018,"Papua New Guinea",PNG,-,-,424,445,-,0
2018,Poland,POL,-,-,1085,912,-,0
2018,Portugal,PRT,-,-,20,245,-,0
2018,Qatar,QAT,-,-,30,33,-,0
2018,Romania,ROU,-,-,1155,4253,-,0
2018,"South Africa",ZAF,-,-,482,2399,-,5
2018,"Russian Federation",RUS,-,-,61457,43268,-,0
2018,Rwanda,RWA,-,-,247469,13772,-,14998
2018,"El Salvador",SLV,-,-,32562,119271,-,27285
2018,"Saudi Arabia",SAU,-,-,1492,1436,-,10
2018,Senegal,SEN,-,-,18208,17409,-,0
2018,Seychelles,SYC,-,-,15,0,-,0
2018,Singapore,SGP,-,-,46,70,-,0
2018,"Sierra Leone",SLE,-,-,4846,7422,-,0
2018,"Solomon Islands",SLB,-,-,33,145,-,0
2018,Somalia,SOM,-,-,949637,55852,-,130
2018,Spain,ESP,-,-,46,238,-,0
2018,"Serbia and Kosovo: S/RES/1244 (1999)",SRB,-,-,32368,9702,-,0
2018,"Viet Nam",VNM,-,-,334464,5571,-,68
2018,"South Sudan",SSD,-,-,2285301,12701,-,10000
2018,Stateless,XXA,-,-,55765,7090,-,16
2018,"Saint Kitts and Nevis",KNA,-,-,58,11,-,0
2018,"Sao Tome and Principe",STP,-,-,31,25,-,0
2018,Sudan,SDN,-,-,724787,67433,-,0
2018,Suriname,SUR,-,-,22,57,-,0
2018,Slovakia,SVK,-,-,1218,390,-,0
2018,Slovenia,SVN,-,-,19,10,-,0
2018,Eswatini,SWZ,-,-,237,48,-,0
2018,Sweden,SWE,-,-,16,29,-,0
2018,Switzerland,CHE,-,-,5,13,-,0
2018,"Syrian Arab Rep.",SYR,-,-,6654374,139576,-,8453
2018,"United Rep. of Tanzania",TZA,-,-,723,1659,-,10
2018,"Turks and Caicos Islands",TCA,-,-,14,0,-,0
2018,Thailand,THA,-,-,183,2792,-,0
2018,Tibetan,TIB,-,-,13527,0,-,0
2018,Tajikistan,TJK,-,-,1695,3192,-,0
2018,Turkmenistan,TKM,-,-,457,1264,-,0
2018,Timor-Leste,TLS,-,-,12,10,-,0
2018,Togo,TGO,-,-,8029,3546,-,0
2018,Tonga,TON,-,-,32,170,-,0
2018,"Trinidad and Tobago",TTO,-,-,323,305,-,15
2018,Tunisia,TUN,-,-,1985,2749,-,0
2018,Türkiye,TUR,-,-,68900,42915,-,10
2018,"United Arab Emirates",ARE,-,-,169,272,-,0
2018,Uganda,UGA,-,-,7034,10956,-,180000
2018,"Unknown ",UNK,-,-,216540,65554,-,147254
2018,Ukraine,UKR,-,-,93248,31965,-,0
2018,Uruguay,URY,-,-,7,203,-,0
2018,"United States of America",USA,-,-,332,2834,-,0
2018,Uzbekistan,UZB,-,-,3276,4606,-,0
2018,Vanuatu,VUT,-,-,0,52,-,0
2018,"Saint Vincent and the Grenadines",VCT,-,-,1258,56,-,0
2018,"Venezuela (Bolivarian Republic of)",VEN,-,-,21047,464223,2592947,0
2018,Samoa,WSM,-,-,0,42,-,0
2018,"Western Sahara",ESH,-,-,116790,1803,-,0
2018,Yemen,YEM,-,-,31145,35876,-,0
2018,Zambia,ZMB,-,-,266,254,-,0
2018,Zimbabwe,ZWE,-,-,15618,17121,-,110
2019,Afghanistan,AFG,-,-,2727556,251047,-,450675
2019,Albania,ALB,-,-,15027,19007,-,0
2019,Algeria,DZA,-,-,4514,7703,-,107
2019,Angola,AGO,-,-,8176,10772,-,18243
2019,"Antigua and Barbuda",ATG,-,-,117,65,-,0
2019,Egypt,EGY,-,-,27416,16627,-,349
2019,Argentina,ARG,-,-,99,932,-,5
2019,Armenia,ARM,-,-,10962,11097,-,5
2019,Australia,AUS,-,-,20,50,-,0
2019,Austria,AUT,-,-,18,10,-,0
2019,Azerbaijan,AZE,-,-,11626,8232,-,0
2019,Bahrain,BHR,-,-,557,156,-,0
2019,Barbados,BRB,-,-,243,116,-,0
2019,Burundi,BDI,-,-,380900,53166,-,17605
2019,Belgium,BEL,-,-,34,105,-,0
2019,Benin,BEN,-,-,721,1214,-,6
2019,Bangladesh,BGD,-,-,22766,62860,-,502
2019,Bahamas,BHS,-,-,501,528,-,0
2019,Bhutan,BTN,-,-,6839,413,-,0
2019,"Burkina Faso",BFA,-,-,11733,4996,-,2190
2019,Belarus,BLR,-,-,3425,4012,-,0
2019,"Bolivia (Plurinational State of)",BOL,-,-,514,1238,-,0
2019,Botswana,BWA,-,-,228,139,-,0
2019,Brazil,BRA,-,-,1399,12034,-,0
2019,"Brunei Darussalam",BRN,-,-,0,10,-,0
2019,"Bosnia and Herzegovina",BIH,-,-,16556,1487,-,48907
2019,Bulgaria,BGR,-,-,566,344,-,5
2019,Belize,BLZ,-,-,73,278,-,0
2019,Cambodia,KHM,-,-,11986,846,-,0
2019,Canada,CAN,-,-,71,88,-,0
2019,"Central African Rep.",CAF,-,-,610152,15935,-,1570
2019,"Cayman Islands",CYM,-,-,6,0,-,0
2019,Chad,TCD,-,-,11163,5335,-,122367
2019,China,CHN,-,-,212863,104248,-,0
2019,Chile,CHL,-,-,486,1251,-,0
2019,Cameroon,CMR,-,-,66241,21865,-,10
2019,Congo,COG,-,-,12743,11227,-,37
2019,"Dem. Rep. of the Congo",COD,-,-,802974,145502,-,13128
2019,Comoros,COM,-,-,658,1459,-,0
2019,Colombia,COL,-,-,189254,75548,-,400000
2019,"Costa Rica",CRI,-,-,206,739,-,0
2019,Cuba,CUB,-,-,6625,55944,-,0
2019,"Curacao ",CUW,-,-,35,0,-,0
2019,"Cabo Verde",CPV,-,-,10,250,-,0
2019,Cyprus,CYP,-,-,0,35,-,0
2019,Czechia,CZE,-,-,1166,181,-,0
2019,Denmark,DNK,-,-,5,37,-,0
2019,Djibouti,DJI,-,-,2351,834,-,0
2019,Dominica,DMA,-,-,50,82,-,0
2019,"Dominican Rep.",DOM,-,-,546,4038,-,0
2019,Ecuador,ECU,-,-,1644,19340,-,0
2019,"Equatorial Guinea",GNQ,-,-,156,166,-,0
2019,Eritrea,ERI,-,-,504300,72164,-,134
2019,Estonia,EST,-,-,274,55,-,0
2019,Ethiopia,ETH,-,-,93467,135267,-,3881
2019,"French Guiana",GUF,-,-,0,24,-,0
2019,Fiji,FJI,-,-,591,2343,-,0
2019,Finland,FIN,-,-,0,10,-,0
2019,France,FRA,-,-,50,268,-,0
2019,Gabon,GAB,-,-,440,893,-,0
2019,Gambia,GMB,-,-,17813,9161,-,0
2019,Palestinian,PSE,-,-,96253,11537,-,1104
2019,"United Kingdom of Great Britain and Northern Ireland",GBR,-,-,69,227,-,0
2019,Georgia,GEO,-,-,7519,19734,-,0
2019,Germany,DEU,-,-,69,201,-,0
2019,Ghana,GHA,-,-,18432,10551,-,0
2019,Guinea-Bissau,GNB,-,-,2093,2665,-,0
2019,Greece,GRC,-,-,95,133,-,0
2019,Grenada,GRD,-,-,80,89,-,0
2019,Guatemala,GTM,-,-,22770,119521,-,47836
2019,Guinea,GIN,-,-,26857,30409,-,0
2019,Guyana,GUY,-,-,284,676,-,0
2019,Haiti,HTI,-,-,26734,65684,-,0
2019,"China, Hong Kong SAR",HKG,-,-,5,222,-,0
2019,Honduras,HND,-,-,26351,122480,-,72837
2019,Croatia,HRV,-,-,23793,65,-,3754
2019,Hungary,HUN,-,-,4007,671,-,5
2019,Iceland,ISL,-,-,5,5,-,0
2019,"Cote d'Ivoire",CIV,-,-,39351,19881,-,32
2019,India,IND,-,-,11787,65965,-,294
2019,Indonesia,IDN,-,-,12039,4323,-,0
2019,Ireland,IRL,-,-,0,90,-,0
2019,"Iran (Islamic Rep. of)",IRN,-,-,128998,86093,-,405
2019,Iraq,IRQ,-,-,336274,302731,-,31760
2019,Israel,ISR,-,-,452,690,-,0
2019,Italy,ITA,-,-,76,431,-,0
2019,Jamaica,JAM,-,-,2529,1798,-,0
2019,Jordan,JOR,-,-,2308,4722,-,1954
2019,Japan,JPN,-,-,39,111,-,0
2019,Kazakhstan,KAZ,-,-,2757,6982,-,0
2019,Kenya,KEN,-,-,7705,7879,-,5
2019,Kyrgyzstan,KGZ,-,-,2963,2593,-,0
2019,"Rep. of Korea",KOR,-,-,180,643,-,0
2019,"Dem. People's Rep. of Korea",PRK,-,-,758,112,-,0
2019,Kuwait,KWT,-,-,1300,1402,-,10
2019,"Lao People's Dem. Rep.",LAO,-,-,6757,390,-,0
2019,Liberia,LBR,-,-,5365,2953,-,33
2019,Libya,LBY,-,-,16033,5986,-,42
2019,"Saint Lucia",LCA,-,-,843,74,-,0
2019,Lebanon,LBN,-,-,5647,8032,-,5030
2019,Lesotho,LSO,-,-,6,49,-,0
2019,Liechtenstein,LIE,-,-,0,14,-,0
2019,"Sri Lanka",LKA,-,-,110341,16062,-,10
2019,Lithuania,LTU,-,-,61,76,-,0
2019,Luxembourg,LUX,-,-,5,0,-,0
2019,Latvia,LVA,-,-,144,98,-,0
2019,"China, Macao SAR",MAC,-,-,0,33,-,0
2019,Madagascar,MDG,-,-,298,264,-,0
2019,Mauritania,MRT,-,-,37423,8580,-,0
2019,"North Macedonia",MKD,-,-,1784,2526,-,0
2019,Monaco,MCO,-,-,5,0,-,0
2019,"Rep. of Moldova",MDA,-,-,2427,5653,-,0
2019,Maldives,MDV,-,-,75,11,-,0
2019,Mexico,MEX,-,-,14621,101654,-,0
2019,"Marshall Islands",MHL,-,-,7,0,-,0
2019,Mali,MLI,-,-,164466,8582,-,5
2019,Malaysia,MYS,-,-,906,21259,-,0
2019,Malawi,MWI,-,-,514,2570,-,0
2019,Montenegro,MNE,-,-,659,606,-,0
2019,Mongolia,MNG,-,-,2364,4057,-,10
2019,Morocco,MAR,-,-,4642,8322,-,260
2019,Mozambique,MOZ,-,-,77,8734,-,0
2019,Malta,MLT,-,-,5,15,-,0
2019,Mauritius,MUS,-,-,178,304,-,0
2019,Myanmar,MMR,-,-,1076826,37457,-,119
2019,Namibia,NAM,-,-,459,756,-,0
2019,Nepal,NPL,-,-,8034,9940,-,345
2019,"Netherlands (Kingdom of the)",NLD,-,-,55,102,-,0
2019,Niger,NER,-,-,3063,2420,-,29882
2019,Nicaragua,NIC,-,-,4376,66869,-,224
2019,Nigeria,NGA,-,-,295578,112382,-,7
2019,Niue,NIU,-,-,19,6,-,0
2019,Norway,NOR,-,-,5,11,-,0
2019,Nauru,NRU,-,-,0,15,-,0
2019,"New Zealand",NZL,-,-,34,27,-,0
2019,Oman,OMN,-,-,42,59,-,974
2019,Pakistan,PAK,-,-,136902,66245,-,2871
2019,Panama,PAN,-,-,45,240,-,0
2019,Paraguay,PRY,-,-,84,632,-,0
2019,Peru,PER,-,-,2765,8669,-,0
2019,Philippines,PHL,-,-,554,4732,-,55029
2019,"Papua New Guinea",PNG,-,-,475,549,-,0
2019,Poland,POL,-,-,961,1016,-,0
2019,Portugal,PRT,-,-,25,338,-,0
2019,Qatar,QAT,-,-,36,36,-,0
2019,Romania,ROU,-,-,1352,3910,-,0
2019,"South Africa",ZAF,-,-,441,2839,-,6
2019,"Russian Federation",RUS,-,-,62353,48282,-,0
2019,Rwanda,RWA,-,-,246407,15726,-,15566
2019,"El Salvador",SLV,-,-,41816,136277,-,33192
2019,"Saudi Arabia",SAU,-,-,1721,1410,-,26
2019,Senegal,SEN,-,-,17208,15331,-,0
2019,Seychelles,SYC,-,-,15,6,-,0
2019,Singapore,SGP,-,-,39,88,-,0
2019,"Sierra Leone",SLE,-,-,5288,7272,-,0
2019,"Solomon Islands",SLB,-,-,34,227,-,0
2019,Somalia,SOM,-,-,901596,53083,-,160
2019,Spain,ESP,-,-,51,276,-,0
2019,"Serbia and Kosovo: S/RES/1244 (1999)",SRB,-,-,31251,7463,-,0
2019,"Viet Nam",VNM,-,-,316441,8095,-,68
2019,"South Sudan",SSD,-,-,2234805,5616,-,10000
2019,Stateless,XXA,-,-,68784,7258,-,0
2019,"Saint Kitts and Nevis",KNA,-,-,57,17,-,0
2019,"Sao Tome and Principe",STP,-,-,28,29,-,0
2019,Sudan,SDN,-,-,734780,72017,-,7
2019,Suriname,SUR,-,-,17,72,-,0
2019,Slovakia,SVK,-,-,1343,231,-,0
2019,Slovenia,SVN,-,-,19,15,-,0
2019,Eswatini,SWZ,-,-,224,97,-,0
2019,Sweden,SWE,-,-,13,35,-,0
2019,Switzerland,CHE,-,-,5,20,-,0
2019,"Syrian Arab Rep.",SYR,-,-,6615249,118450,-,7612
2019,"United Rep. of Tanzania",TZA,-,-,695,1963,-,45
2019,"Turks and Caicos Islands",TCA,-,-,14,0,-,0
2019,Thailand,THA,-,-,173,3531,-,0
2019,Tibetan,TIB,-,-,12555,0,-,0
2019,Tajikistan,TJK,-,-,1987,2661,-,0
2019,Turkmenistan,TKM,-,-,478,576,-,0
2019,Timor-Leste,TLS,-,-,17,41,-,0
2019,Togo,TGO,-,-,8034,3380,-,0
2019,Tonga,TON,-,-,32,419,-,0
2019,"Trinidad and Tobago",TTO,-,-,307,408,-,200
2019,Tunisia,TUN,-,-,2068,2668,-,14
2019,Türkiye,TUR,-,-,83239,46941,-,57
2019,"United Arab Emirates",ARE,-,-,155,181,-,0
2019,Uganda,UGA,-,-,7301,11433,-,7
2019,"Unknown ",UNK,-,-,183117,122408,-,259641
2019,Ukraine,UKR,-,-,59844,27991,-,1680257
2019,Uruguay,URY,-,-,15,311,-,0
2019,"United States of America",USA,-,-,297,2940,-,12
2019,Uzbekistan,UZB,-,-,3217,5002,-,0
2019,Vanuatu,VUT,-,-,0,75,-,0
2019,"Holy See",VAT,-,-,0,5,-,0
2019,"Saint Vincent and the Grenadines",VCT,-,-,979,77,-,0
2019,"Venezuela (Bolivarian Republic of)",VEN,-,-,93239,794491,3582202,494503
2019,Samoa,WSM,-,-,0,84,-,0
2019,"Western Sahara",ESH,-,-,116908,955,-,5
2019,Yemen,YEM,-,-,36522,34328,-,49
2019,Zambia,ZMB,-,-,259,459,-,5
2019,Zimbabwe,ZWE,-,-,10045,16177,-,121
2020,Afghanistan,AFG,-,-,2594827,238791,-,87499
2020,Anguilla,AIA,-,-,0,5,-,0
2020,Albania,ALB,-,-,15523,17628,-,0
2020,Algeria,DZA,-,-,4571,7779,-,96
2020,Andorra,AND,-,-,0,5,-,0
2020,Angola,AGO,-,-,8196,12402,-,19041
2020,"Antigua and Barbuda",ATG,-,-,108,51,-,0
2020,Egypt,EGY,-,-,26553,16313,-,88
2020,Argentina,ARG,-,-,99,1189,-,5
2020,Armenia,ARM,-,-,10334,8850,-,0
2020,Australia,AUS,-,-,20,12,-,0
2020,Austria,AUT,-,-,18,0,-,0
2020,Azerbaijan,AZE,-,-,101468,6425,-,0
2020,Bahrain,BHR,-,-,534,118,-,0
2020,Barbados,BRB,-,-,230,120,-,0
2020,Burundi,BDI,-,-,372951,50227,-,17448
2020,Belgium,BEL,-,-,28,62,-,0
2020,Benin,BEN,-,-,606,1350,-,12
2020,Bangladesh,BGD,-,-,18948,64636,-,1271
2020,Bahamas,BHS,-,-,534,695,-,0
2020,Bhutan,BTN,-,-,6741,411,-,0
2020,"Burkina Faso",BFA,-,-,15694,5110,-,3803
2020,Belarus,BLR,-,-,3139,4698,-,0
2020,"Bolivia (Plurinational State of)",BOL,-,-,535,1370,-,0
2020,Botswana,BWA,-,-,191,134,-,0
2020,Brazil,BRA,-,-,1548,16857,-,0
2020,"Brunei Darussalam",BRN,-,-,0,10,-,0
2020,"Bosnia and Herzegovina",BIH,-,-,15578,1358,-,1128
2020,Bulgaria,BGR,-,-,510,350,-,5
2020,Belize,BLZ,-,-,68,314,-,0
2020,Cambodia,KHM,-,-,11862,916,-,0
2020,Canada,CAN,-,-,65,108,-,0
2020,"Central African Rep.",CAF,-,-,642161,13458,-,1669
2020,"Cayman Islands",CYM,-,-,5,0,-,0
2020,Chad,TCD,-,-,10388,6224,-,99842
2020,China,CHN,-,-,175361,108071,-,6
2020,Chile,CHL,-,-,659,2111,-,0
2020,Cameroon,CMR,-,-,78481,23013,-,5
2020,Congo,COG,-,-,12590,12836,-,38
2020,"Dem. Rep. of the Congo",COD,-,-,840392,145372,-,14077
2020,Comoros,COM,-,-,748,2688,-,0
2020,Colombia,COL,-,-,189866,70917,-,500013
2020,"Costa Rica",CRI,-,-,208,800,-,0
2020,Cuba,CUB,-,-,8912,62234,-,130
2020,"Curacao ",CUW,-,-,35,0,-,0
2020,"Cabo Verde",CPV,-,-,5,258,-,0
2020,Cyprus,CYP,-,-,0,19,-,0
2020,Czechia,CZE,-,-,1112,158,-,0
2020,Denmark,DNK,-,-,5,17,-,0
2020,Djibouti,DJI,-,-,2419,883,-,0
2020,Dominica,DMA,-,-,55,74,-,0
2020,"Dominican Rep.",DOM,-,-,550,4244,-,0
2020,Ecuador,ECU,-,-,1689,22090,-,0
2020,"Equatorial Guinea",GNQ,-,-,145,193,-,0
2020,Eritrea,ERI,-,-,524738,72942,-,9703
2020,Estonia,EST,-,-,277,43,-,0
2020,Ethiopia,ETH,-,-,151426,125072,-,3925
2020,"French Guiana",GUF,-,-,0,27,-,0
2020,Fiji,FJI,-,-,516,2683,-,0
2020,France,FRA,-,-,49,175,-,0
2020,Gabon,GAB,-,-,454,1115,-,0
2020,Gambia,GMB,-,-,10579,7091,-,0
2020,Palestinian,PSE,-,-,100153,12456,-,969
2020,"United Kingdom of Great Britain and Northern Ireland",GBR,-,-,62,200,-,0
2020,Georgia,GEO,-,-,7346,15408,-,0
2020,Germany,DEU,-,-,71,166,-,0
2020,Ghana,GHA,-,-,13844,10092,-,5
2020,Guadeloupe,GLP,-,-,0,86,-,0
2020,Guinea-Bissau,GNB,-,-,1638,2713,-,0
2020,Greece,GRC,-,-,90,122,-,0
2020,Grenada,GRD,-,-,70,81,-,0
2020,Guatemala,GTM,-,-,24544,146111,-,27264
2020,Guinea,GIN,-,-,26792,31566,-,0
2020,Guyana,GUY,-,-,267,708,-,0
2020,Haiti,HTI,-,-,25649,80225,-,130
2020,"China, Hong Kong SAR",HKG,-,-,15,487,-,0
2020,Honduras,HND,-,-,34456,148935,-,115567
2020,Croatia,HRV,-,-,23451,58,-,3301
2020,Hungary,HUN,-,-,4617,602,-,0
2020,Iceland,ISL,-,-,5,0,-,0
2020,"Cote d'Ivoire",CIV,-,-,37525,34216,-,31
2020,India,IND,-,-,12398,69959,-,269
2020,Indonesia,IDN,-,-,13029,4940,-,170
2020,Ireland,IRL,-,-,0,94,-,0
2020,"Iran (Islamic Rep. of)",IRN,-,-,135018,77229,-,532
2020,Iraq,IRQ,-,-,333200,272567,-,31258
2020,Israel,ISR,-,-,373,663,-,0
2020,Italy,ITA,-,-,62,471,-,0
2020,Jamaica,JAM,-,-,2526,1902,-,0
2020,Jordan,JOR,-,-,2486,4984,-,836
2020,Japan,JPN,-,-,40,121,-,0
2020,Kazakhstan,KAZ,-,-,2741,5978,-,0
2020,Kenya,KEN,-,-,7422,8959,-,0
2020,Kyrgyzstan,KGZ,-,-,2883,2695,-,0
2020,"Rep. of Korea",KOR,-,-,146,723,-,0
2020,"Dem. People's Rep. of Korea",PRK,-,-,689,88,-,0
2020,Kuwait,KWT,-,-,1422,1415,-,15
2020,"Lao People's Dem. Rep.",LAO,-,-,6665,463,-,0
2020,Liberia,LBR,-,-,5195,3073,-,19
2020,Libya,LBY,-,-,17523,5440,-,83
2020,"Saint Lucia",LCA,-,-,726,83,-,0
2020,Lebanon,LBN,-,-,5495,7964,-,4746
2020,Lesotho,LSO,-,-,6,38,-,0
2020,Liechtenstein,LIE,-,-,0,5,-,0
2020,"Sri Lanka",LKA,-,-,142664,15061,-,0
2020,Lithuania,LTU,-,-,58,78,-,0
2020,Luxembourg,LUX,-,-,5,0,-,0
2020,Latvia,LVA,-,-,143,92,-,0
2020,"China, Macao SAR",MAC,-,-,0,44,-,0
2020,Madagascar,MDG,-,-,268,338,-,0
2020,Martinique,MTQ,-,-,0,5,-,0
2020,Mauritania,MRT,-,-,37931,9252,-,0
2020,"North Macedonia",MKD,-,-,1576,1715,-,10
2020,"Rep. of Moldova",MDA,-,-,2206,5510,-,0
2020,Maldives,MDV,-,-,78,23,-,0
2020,Mexico,MEX,-,-,15398,111728,-,0
2020,"Marshall Islands",MHL,-,-,7,50,-,0
2020,Mali,MLI,-,-,164588,11131,-,5
2020,Malaysia,MYS,-,-,1058,21474,-,0
2020,Malawi,MWI,-,-,514,2168,-,0
2020,Montenegro,MNE,-,-,530,634,-,0
2020,Mongolia,MNG,-,-,2277,4127,-,8
2020,Morocco,MAR,-,-,4467,8239,-,402
2020,Mozambique,MOZ,-,-,81,8674,-,0
2020,Malta,MLT,-,-,5,10,-,0
2020,Mauritius,MUS,-,-,176,338,-,0
2020,Myanmar,MMR,-,-,1103245,40207,-,151
2020,Namibia,NAM,-,-,457,841,-,0
2020,Nepal,NPL,-,-,7483,10309,-,396
2020,"Netherlands (Kingdom of the)",NLD,-,-,51,83,-,0
2020,Niger,NER,-,-,18853,4105,-,34324
2020,Nicaragua,NIC,-,-,8701,62085,-,1665
2020,Nigeria,NGA,-,-,352960,73233,-,8
2020,Niue,NIU,-,-,18,7,-,0
2020,Norway,NOR,-,-,5,15,-,0
2020,Nauru,NRU,-,-,5,16,-,0
2020,"New Zealand",NZL,-,-,35,32,-,0
2020,Oman,OMN,-,-,47,70,-,974
2020,Pakistan,PAK,-,-,133280,61429,-,2735
2020,Panama,PAN,-,-,70,315,-,0
2020,Paraguay,PRY,-,-,119,868,-,0
2020,Peru,PER,-,-,2834,10583,-,0
2020,Philippines,PHL,-,-,469,4989,-,129467
2020,"Papua New Guinea",PNG,-,-,510,650,-,0
2020,Poland,POL,-,-,910,1052,-,0
2020,Portugal,PRT,-,-,27,360,-,0
2020,Qatar,QAT,-,-,33,38,-,0
2020,Romania,ROU,-,-,1343,3720,-,0
2020,"South Africa",ZAF,-,-,474,3230,-,6
2020,"Russian Federation",RUS,-,-,52742,44399,-,0
2020,Rwanda,RWA,-,-,245781,16648,-,15611
2020,"El Salvador",SLV,-,-,45640,149542,-,20226
2020,"Saudi Arabia",SAU,-,-,2003,1249,-,26
2020,Senegal,SEN,-,-,13986,15786,-,0
2020,Seychelles,SYC,-,-,10,5,-,0
2020,Singapore,SGP,-,-,37,74,-,0
2020,"Sierra Leone",SLE,-,-,5734,8384,-,0
2020,"Solomon Islands",SLB,-,-,37,267,-,0
2020,Somalia,SOM,-,-,812356,53824,-,34
2020,Spain,ESP,-,-,52,294,-,0
2020,"Serbia and Kosovo: S/RES/1244 (1999)",SRB,-,-,29976,7105,-,139
2020,"Viet Nam",VNM,-,-,316728,9440,-,68
2020,"South Sudan",SSD,-,-,2188785,4858,-,56
2020,Stateless,XXA,-,-,53725,5565,-,13806
2020,"Saint Kitts and Nevis",KNA,-,-,54,18,-,0
2020,"Sao Tome and Principe",STP,-,-,28,23,-,0
2020,Sudan,SDN,-,-,787823,70049,-,158
2020,Suriname,SUR,-,-,17,146,-,0
2020,Slovakia,SVK,-,-,1368,209,-,0
2020,Slovenia,SVN,-,-,17,5,-,0
2020,Eswatini,SWZ,-,-,198,81,-,0
2020,Sweden,SWE,-,-,8,35,-,0
2020,Switzerland,CHE,-,-,5,16,-,0
2020,"Syrian Arab Rep.",SYR,-,-,6702910,107085,-,7821
2020,"United Rep. of Tanzania",TZA,-,-,689,1900,-,35
2020,"Turks and Caicos Islands",TCA,-,-,14,5,-,0
2020,Thailand,THA,-,-,174,3760,-,0
2020,Tibetan,TIB,-,-,12561,0,-,7
2020,Tajikistan,TJK,-,-,2219,2459,-,0
2020,Turkmenistan,TKM,-,-,498,585,-,0
2020,Timor-Leste,TLS,-,-,11,324,-,0
2020,Togo,TGO,-,-,7704,3330,-,0
2020,Tonga,TON,-,-,31,731,-,0
2020,"Trinidad and Tobago",TTO,-,-,295,414,-,393
2020,Tunisia,TUN,-,-,1636,2829,-,11
2020,Türkiye,TUR,-,-,93730,44517,-,27
2020,"United Arab Emirates",ARE,-,-,181,181,-,0
2020,Uganda,UGA,-,-,7442,11742,-,7
2020,"Unknown ",UNK,-,-,184067,108800,-,34456
2020,Ukraine,UKR,-,-,35156,21426,-,1620005
2020,Uruguay,URY,-,-,15,435,-,0
2020,"United States of America",USA,-,-,349,2491,-,7
2020,Uzbekistan,UZB,-,-,3112,5171,-,0
2020,Vanuatu,VUT,-,-,0,158,-,0
2020,"Holy See",VAT,-,-,0,12,-,0
2020,"Saint Vincent and the Grenadines",VCT,-,-,742,38,-,0
2020,"Venezuela (Bolivarian Republic of)",VEN,-,-,171112,851265,3862102,1112517
2020,Samoa,WSM,-,-,0,133,-,0
2020,"Western Sahara",ESH,-,-,116925,1038,-,5
2020,Yemen,YEM,-,-,32433,34870,-,28
2020,Zambia,ZMB,-,-,252,475,-,5
2020,Zimbabwe,ZWE,-,-,8575,14614,-,132
2021,Afghanistan,AFG,-,-,2712869,262860,-,93827
2021,Anguilla,AIA,-,-,0,5,-,0
2021,Albania,ALB,-,-,19847,22331,-,0
2021,Algeria,DZA,-,-,6003,6871,-,33
2021,Andorra,AND,-,-,0,5,-,0
2021,Angola,AGO,-,-,11403,12692,-,19792
2021,"Antigua and Barbuda",ATG,-,-,105,55,-,0
2021,Egypt,EGY,-,-,27498,21016,-,82
2021,Argentina,ARG,-,-,124,1774,-,5
2021,Armenia,ARM,-,-,12255,9291,-,0
2021,Australia,AUS,-,-,16,21,-,0
2021,Austria,AUT,-,-,23,5,-,0
2021,Azerbaijan,AZE,-,-,39478,5235,-,0
2021,Bahrain,BHR,-,-,416,137,-,0
2021,Barbados,BRB,-,-,265,91,-,0
2021,Burundi,BDI,-,-,323635,52171,-,5156
2021,Belgium,BEL,-,-,29,89,-,5
2021,Benin,BEN,-,-,730,1382,-,0
2021,Bangladesh,BGD,-,-,22672,65495,-,507
2021,Bahamas,BHS,-,-,736,658,-,0
2021,Bhutan,BTN,-,-,6702,487,-,0
2021,"Burkina Faso",BFA,-,-,20209,5585,-,13079
2021,Belarus,BLR,-,-,4632,6799,-,0
2021,"Bolivia (Plurinational State of)",BOL,-,-,549,1830,-,0
2021,Botswana,BWA,-,-,122,213,-,0
2021,Brazil,BRA,-,-,1954,26440,-,0
2021,"Brunei Darussalam",BRN,-,-,0,5,-,0
2021,"Bosnia and Herzegovina",BIH,-,-,18189,1631,-,181
2021,Bulgaria,BGR,-,-,455,340,-,5
2021,Belize,BLZ,-,-,81,369,-,0
2021,Cambodia,KHM,-,-,12072,893,-,0
2021,Canada,CAN,-,-,60,126,-,0
2021,"Central African Rep.",CAF,-,-,737658,14283,-,2284
2021,"Cayman Islands",CYM,-,-,5,0,-,0
2021,Chad,TCD,-,-,11771,7572,-,107029
2021,China,CHN,-,-,170222,118476,-,10
2021,Chile,CHL,-,-,987,9058,-,0
2021,Cameroon,CMR,-,-,125477,22151,-,22
2021,Congo,COG,-,-,14253,12795,-,84
2021,"Dem. Rep. of the Congo",COD,-,-,908401,148099,-,15343
2021,Comoros,COM,-,-,1670,1833,-,0
2021,Colombia,COL,-,-,115792,80705,-,504338
2021,"Costa Rica",CRI,-,-,235,989,-,0
2021,Cuba,CUB,-,-,11534,71590,-,13664
2021,"Curacao ",CUW,-,-,35,0,-,0
2021,"Cabo Verde",CPV,-,-,10,273,-,0
2021,Cyprus,CYP,-,-,5,15,-,0
2021,Czechia,CZE,-,-,758,161,-,0
2021,Denmark,DNK,-,-,8,25,-,0
2021,Djibouti,DJI,-,-,2607,994,-,0
2021,Dominica,DMA,-,-,54,124,-,0
2021,"Dominican Rep.",DOM,-,-,635,4642,-,0
2021,Ecuador,ECU,-,-,1825,27286,-,0
2021,"Equatorial Guinea",GNQ,-,-,168,235,-,0
2021,Eritrea,ERI,-,-,511911,77188,-,10538
2021,Estonia,EST,-,-,271,48,-,0
2021,Ethiopia,ETH,-,-,149130,139211,-,3918
2021,"French Guiana",GUF,-,-,0,96,-,0
2021,Fiji,FJI,-,-,414,2997,-,0
2021,Finland,FIN,-,-,5,0,-,0
2021,France,FRA,-,-,38,279,-,0
2021,Gabon,GAB,-,-,620,902,-,0
2021,Gambia,GMB,-,-,11042,5731,-,59
2021,Palestinian,PSE,-,-,103581,9645,-,1109
2021,"United Kingdom of Great Britain and Northern Ireland",GBR,-,-,101,277,-,0
2021,Georgia,GEO,-,-,9754,16648,-,0
2021,Germany,DEU,-,-,59,248,-,0
2021,Ghana,GHA,-,-,14251,9177,-,17
2021,Guadeloupe,GLP,-,-,0,88,-,0
2021,Guinea-Bissau,GNB,-,-,2039,2546,-,0
2021,Greece,GRC,-,-,87,171,-,0
2021,Grenada,GRD,-,-,52,97,-,0
2021,Guatemala,GTM,-,-,26927,160428,-,149455
2021,Guinea,GIN,-,-,34403,26458,-,140
2021,Guyana,GUY,-,-,285,856,-,0
2021,Haiti,HTI,-,-,29454,135565,-,19385
2021,"China, Hong Kong SAR",HKG,-,-,96,816,-,0
2021,Honduras,HND,-,-,51687,169994,-,48926
2021,Croatia,HRV,-,-,18083,51,-,214
2021,Hungary,HUN,-,-,4653,608,-,0
2021,Iceland,ISL,-,-,5,7,-,0
2021,"Cote d'Ivoire",CIV,-,-,39940,32608,-,152
2021,India,IND,-,-,14230,78360,-,255
2021,Indonesia,IDN,-,-,13962,5872,-,276
2021,Ireland,IRL,-,-,5,141,-,0
2021,"Iran (Islamic Rep. of)",IRN,-,-,142994,68940,-,287
2021,Iraq,IRQ,-,-,343899,254454,-,30456
2021,Israel,ISR,-,-,453,807,-,0
2021,Italy,ITA,-,-,61,639,-,0
2021,Jamaica,JAM,-,-,2419,2305,-,0
2021,Jordan,JOR,-,-,2981,5795,-,873
2021,Japan,JPN,-,-,39,134,-,0
2021,Kazakhstan,KAZ,-,-,3198,5925,-,0
2021,Kenya,KEN,-,-,7529,9727,-,5
2021,Kyrgyzstan,KGZ,-,-,3035,2785,-,0
2021,Kiribati,KIR,-,-,0,5,-,0
2021,"Rep. of Korea",KOR,-,-,117,893,-,0
2021,"Dem. People's Rep. of Korea",PRK,-,-,528,108,-,0
2021,Kuwait,KWT,-,-,1702,1857,-,5
2021,"Lao People's Dem. Rep.",LAO,-,-,6778,474,-,0
2021,Liberia,LBR,-,-,5384,3090,-,46
2021,Libya,LBY,-,-,19090,5717,-,50
2021,"Saint Lucia",LCA,-,-,457,91,-,0
2021,Lebanon,LBN,-,-,6061,8873,-,11663
2021,Lesotho,LSO,-,-,6,41,-,0
2021,Liechtenstein,LIE,-,-,5,5,-,0
2021,"Sri Lanka",LKA,-,-,151112,12209,-,16
2021,Lithuania,LTU,-,-,54,114,-,0
2021,Latvia,LVA,-,-,122,120,-,0
2021,"China, Macao SAR",MAC,-,-,0,34,-,0
2021,Madagascar,MDG,-,-,425,373,-,10
2021,Mauritania,MRT,-,-,39279,8705,-,0
2021,"North Macedonia",MKD,-,-,1842,3982,-,5
2021,"Rep. of Moldova",MDA,-,-,2190,6881,-,0
2021,Maldives,MDV,-,-,80,21,-,0
2021,Mexico,MEX,-,-,16403,117936,-,0
2021,"Marshall Islands",MHL,-,-,7,0,-,0
2021,Mali,MLI,-,-,183392,24287,-,26
2021,Malaysia,MYS,-,-,1182,20855,-,0
2021,Malawi,MWI,-,-,513,2018,-,0
2021,Montenegro,MNE,-,-,623,809,-,0
2021,Mongolia,MNG,-,-,2508,4673,-,5
2021,Morocco,MAR,-,-,5385,12632,-,99
2021,Mozambique,MOZ,-,-,90,8720,-,9
2021,Malta,MLT,-,-,7,5,-,0
2021,Mauritius,MUS,-,-,198,351,-,0
2021,Myanmar,MMR,-,-,1177327,43878,-,198
2021,Namibia,NAM,-,-,441,915,-,40
2021,Nepal,NPL,-,-,7029,11329,-,363
2021,"Netherlands (Kingdom of the)",NLD,-,-,58,93,-,0
2021,Niger,NER,-,-,21901,2686,-,37305
2021,Nicaragua,NIC,-,-,11041,164019,-,29390
2021,Nigeria,NGA,-,-,383660,83105,-,18
2021,Niue,NIU,-,-,11,0,-,0
2021,Norway,NOR,-,-,5,23,-,0
2021,Nauru,NRU,-,-,5,16,-,0
2021,"New Zealand",NZL,-,-,33,69,-,0
2021,Oman,OMN,-,-,53,71,-,783
2021,Pakistan,PAK,-,-,132818,56687,-,6344
2021,Panama,PAN,-,-,118,512,-,0
2021,Paraguay,PRY,-,-,125,1102,-,0
2021,Peru,PER,-,-,3521,9046,-,0
2021,Philippines,PHL,-,-,521,5525,-,183651
2021,"Papua New Guinea",PNG,-,-,507,636,-,0
2021,Poland,POL,-,-,887,1056,-,0
2021,Portugal,PRT,-,-,26,439,-,0
2021,Qatar,QAT,-,-,47,35,-,0
2021,Romania,ROU,-,-,1417,4452,-,0
2021,"South Africa",ZAF,-,-,643,3556,-,6
2021,"Russian Federation",RUS,-,-,68547,42959,-,0
2021,Rwanda,RWA,-,-,248219,23523,-,13564
2021,"El Salvador",SLV,-,-,52041,153246,-,55583
2021,"Saudi Arabia",SAU,-,-,2167,1541,-,32
2021,Senegal,SEN,-,-,15129,17466,-,0
2021,Seychelles,SYC,-,-,14,0,-,0
2021,Singapore,SGP,-,-,34,100,-,0
2021,"Sierra Leone",SLE,-,-,6615,5685,-,5
2021,"Solomon Islands",SLB,-,-,38,314,-,0
2021,Somalia,SOM,-,-,776678,59605,-,47
2021,Spain,ESP,-,-,55,423,-,0
2021,"Serbia and Kosovo: S/RES/1244 (1999)",SRB,-,-,31735,6708,-,138
2021,"Viet Nam",VNM,-,-,317737,10345,-,68
2021,"South Sudan",SSD,-,-,2362759,5037,-,74
2021,Stateless,XXA,-,-,56534,5191,-,16192
2021,"Saint Kitts and Nevis",KNA,-,-,47,32,-,0
2021,"Sao Tome and Principe",STP,-,-,6,25,-,0
2021,Sudan,SDN,-,-,825290,75164,-,301
2021,Suriname,SUR,-,-,22,118,-,0
2021,Slovakia,SVK,-,-,1426,171,-,0
2021,Slovenia,SVN,-,-,17,10,-,0
2021,Eswatini,SWZ,-,-,165,80,-,10
2021,Sweden,SWE,-,-,9,43,-,0
2021,Switzerland,CHE,-,-,0,21,-,0
2021,"Syrian Arab Rep.",SYR,-,-,6848865,139754,-,3132
2021,"United Rep. of Tanzania",TZA,-,-,752,1841,-,33
2021,"Turks and Caicos Islands",TCA,-,-,14,5,-,0
2021,Thailand,THA,-,-,181,3230,-,0
2021,Tibetan,TIB,-,-,12593,0,-,0
2021,Tajikistan,TJK,-,-,2412,2023,-,0
2021,Turkmenistan,TKM,-,-,563,722,-,0
2021,Timor-Leste,TLS,-,-,11,368,-,0
2021,Togo,TGO,-,-,7985,2984,-,25
2021,Tonga,TON,-,-,28,816,-,0
2021,"Trinidad and Tobago",TTO,-,-,285,508,-,590
2021,Tunisia,TUN,-,-,2201,4012,-,9
2021,Türkiye,TUR,-,-,105019,46327,-,122
2021,"United Arab Emirates",ARE,-,-,160,215,-,0
2021,Uganda,UGA,-,-,7887,11824,-,10
2021,"Unknown ",UNK,-,-,100632,53367,-,7439
2021,Ukraine,UKR,-,-,27562,19426,-,1424805
2021,Uruguay,URY,-,-,45,648,-,0
2021,"United States of America",USA,-,-,426,1662,-,6
2021,Uzbekistan,UZB,-,-,3014,4946,-,0
2021,Vanuatu,VUT,-,-,0,172,-,0
2021,"Holy See",VAT,-,-,0,12,-,0
2021,"Saint Vincent and the Grenadines",VCT,-,-,467,85,-,0
2021,"Venezuela (Bolivarian Republic of)",VEN,-,-,199202,971106,4406409,1389980
2021,Samoa,WSM,-,-,5,160,-,0
2021,"Western Sahara",ESH,-,-,117041,689,-,5
2021,Yemen,YEM,-,-,37615,35462,-,23
2021,Zambia,ZMB,-,-,255,489,-,5
2021,Zimbabwe,ZWE,-,-,8115,13513,-,137
